BooksPage1,PricesBooksPage1,BooksPage2,PricesBooksPage2,BooksPage3,PricesBooksPage3,BooksPage4,PricesBooksPage4,BooksPage5,PricesBooksPage5,BooksPage6,PricesBooksPage6,BooksPage7,PricesBooksPage7,BooksPage8,PricesBooksPage8,BooksPage9,PricesBooksPage9,BooksPage10,PricesBooksPage10,BooksPage11,PricesBooksPage11,BooksPage12,PricesBooksPage12,BooksPage13,PricesBooksPage13,BooksPage14,PricesBooksPage14,BooksPage15,PricesBooksPage15,BooksPage16,PricesBooksPage16,BooksPage17,PricesBooksPage17,BooksPage18,PricesBooksPage18,BooksPage19,PricesBooksPage19,BooksPage20,PricesBooksPage20,BooksPage21,PricesBooksPage21,BooksPage22,PricesBooksPage22,BooksPage23,PricesBooksPage23,BooksPage24,PricesBooksPage24,BooksPage25,PricesBooksPage25,BooksPage26,PricesBooksPage26,BooksPage27,PricesBooksPage27,BooksPage28,PricesBooksPage28,BooksPage29,PricesBooksPage29,BooksPage30,PricesBooksPage30,BooksPage31,PricesBooksPage31,BooksPage32,PricesBooksPage32,BooksPage33,PricesBooksPage33,BooksPage34,PricesBooksPage34,BooksPage35,PricesBooksPage35,BooksPage36,PricesBooksPage36,BooksPage37,PricesBooksPage37,BooksPage38,PricesBooksPage38,BooksPage39,PricesBooksPage39,BooksPage40,PricesBooksPage40,BooksPage41,PricesBooksPage41,BooksPage42,PricesBooksPage42,BooksPage43,PricesBooksPage43,BooksPage44,PricesBooksPage44,BooksPage45,PricesBooksPage45,BooksPage46,PricesBooksPage46,BooksPage47,PricesBooksPage47,BooksPage48,PricesBooksPage48,BooksPage49,PricesBooksPage49,BooksPage50,PricesBooksPage50
A Light in the Attic,£51.77,In Her Wake,£12.84,Slow States of Collapse: Poems,£57.31,The Nameless City (The Nameless City #1),£38.16,"Princess Jellyfish 2-in-1 Omnibus, Vol. 01 (Princess Jellyfish 2-in-1 Omnibus #1)",£13.61,Immunity: How Elie Metchnikoff Changed the Course of Modern Medicine,£57.36,Algorithms to Live By: The Computer Science of Human Decisions,£30.81,The Shadow Hero (The Shadow Hero),£33.14,The Bridge to Consciousness: I'm Writing the Bridge Between Science and Our Old and New Beliefs.,£32.00,Modern Romance,£28.26,Dark Notes,£19.19,Whole Lotta Creativity Going On: 60 Fun and Unusual Exercises to Awaken and Strengthen Your Creativity,£38.20,The Power of Habit: Why We Do What We Do in Life and Business,£16.88,Swell: A Year of Waves,£45.58,My Name Is Lucy Barton,£41.56,Hold Your Breath (Search and Rescue #1),£28.82,Code Name Verity (Code Name Verity #1),£22.13,All the Light We Cannot See,£29.87,The Midnight Watch: A Novel of the Titanic and the Californian,£26.20,Hide Away (Eve Duncan #20),£11.84,Mothering Sunday,£13.34,Without Shame,£48.27,Chernobyl 01:23:40: The Incredible True Story of the World's Worst Nuclear Disaster,£35.92,Roller Girl,£14.10,Heaven is for Real: A Little Boy's Astounding Story of His Trip to Heaven and Back,£52.86,The Story of Art,£41.14,Nightstruck: A Novel,£50.35,Benjamin Franklin: An American Life,£48.19,The Barefoot Contessa Cookbook,£59.92,World Without End (The Pillars of the Earth #2),£32.97,The Dream Thieves (The Raven Cycle #2),£34.50,Isla and the Happily Ever After (Anna and the French Kiss #3),£48.13,Alight (The Generations Trilogy #2),£58.59,Shopaholic Ties the Knot (Shopaholic #3),£48.39,Far From True (Promise Falls Trilogy #2),£34.93,Walk the Edge (Thunder Road #2),£32.36,The Silkworm (Cormoran Strike #2),£23.05,The Lean Startup: How Today's Entrepreneurs Use Continuous Innovation to Create Radically Successful Businesses,£33.92,The Da Vinci Code (Robert Langdon #2),£22.96,Seven Days in the Art World,£52.33,Notes from a Small Island (Notes From a Small Island #1),£40.17,Jurassic Park (Jurassic Park #1),£44.97,Girl in the Blue Coat,£46.83,Civilization and Its Discontents,£59.95,Annie on My Mind,£36.83,"Fruits Basket, Vol. 2 (Fruits Basket #2)",£11.64,The Secret Healer,£34.56,The Bhagavad Gita,£57.49,On the Road (Duluoz Legend),£32.36,Frankenstein,£38.00
Tipping the Velvet,£53.74,How Music Works,£37.32,Reasons to Stay Alive,£26.41,The Murder That Never Was (Forensic Instincts #5),£54.11,Princess Between Worlds (Wide-Awake Princess #5),£13.34,"I Hate Fairyland, Vol. 1: Madly Ever After (I Hate Fairyland (Compilations) #1-5)",£29.17,A World of Flavor: Your Gluten Free Passport,£42.95,The Secret (The Secret #1),£27.37,The Artist's Way: A Spiritual Path to Higher Creativity,£38.49,Miss Peregrine’s Home for Peculiar Children (Miss Peregrine’s Peculiar Children #1),£10.76,"Daring Greatly: How the Courage to Be Vulnerable Transforms the Way We Live, Love, Parent, and Lead",£19.43,What's It Like in Space?: Stories from Astronauts Who've Been There,£19.60,The Marriage of Opposites,£28.08,Superman Vol. 1: Before Truth (Superman by Gene Luen Yang #1),£11.89,My Mrs. Brown,£24.48,Hamilton: The Revolution,£58.79,Clockwork Angel (The Infernal Devices #1),£44.14,Adulthood Is a Myth: A &quot;Sarah's Scribbles&quot; Collection,£10.90,The Lonely City: Adventures in the Art of Being Alone,£33.26,Furiously Happy: A Funny Book About Horrible Things,£41.46,"Mother, Can You Not?",£16.89,Watchmen,£58.05,Art and Fear: Observations on the Perils (and Rewards) of Artmaking,£48.63,Rising Strong,£21.82,Future Shock (Future Shock #1),£55.65,The Origin of Species,£10.01,"Naturally Lean: 125 Nourishing Gluten-Free, Plant-Based Recipes--All Under 300 Calories",£11.38,"At The Existentialist Café: Freedom, Being, and apricot cocktails with: Jean-Paul Sartre, Simone de Beauvoir, Albert Camus, Martin Heidegger, Edmund Husserl, Karl Jaspers, Maurice Merleau-Ponty and others",£29.93,Tell the Wolves I'm Home,£50.96,"Will Grayson, Will Grayson (Will Grayson, Will Grayson)",£47.31,The Darkest Corners,£11.33,If I Stay (If I Stay #1),£38.13,A Girl's Guide to Moving On (New Beginnings #2),£31.30,Paper and Fire (The Great Library #2),£49.45,Dark Lover (Black Dagger Brotherhood #1),£12.87,Voyager (Outlander #3),£21.07,"The Sandman, Vol. 3: Dream Country (The Sandman (volumes) #3)",£55.55,The Last Painting of Sara de Vos,£55.55,The Cuckoo's Calling (Cormoran Strike #1),£19.21,Seven Brief Lessons on Physics,£30.60,Night (The Night Trilogy #1),£13.51,It's Never Too Late to Begin Again: Discovering Creativity and Meaning at Midlife and Beyond,£42.38,"Fruits Basket, Vol. 3 (Fruits Basket #3)",£45.17,Cinder (The Lunar Chronicles #1),£26.09,And Then There Were None,£35.01,Diary of a Minecraft Zombie Book 1: A Scare of a Dare (An Unofficial Minecraft Book),£52.88,"The Sandman, Vol. 1: Preludes and Nocturnes (The Sandman (volumes) #1)",£54.12,The Bette Davis Club,£30.66,Old Records Never Die: One Man's Quest for His Vinyl and His Past,£55.66,Forever Rockers (The Rocker #12),£28.80
Soumission,£50.10,"Foolproof Preserving: A Guide to Small Batch Jams, Jellies, Pickles, Condiments, and More: A Foolproof Guide to Making Small Batch Jams, Jellies, Pickles, Condiments, and More",£30.52,Private Paris (Private #10),£47.61,The Most Perfect Thing: Inside (and Outside) a Bird's Egg,£42.96,"Pop Gun War, Volume 1: Gift",£18.97,I am a Hero Omnibus Volume 1,£54.63,"A Piece of Sky, a Grain of Rice: A Memoir in Four Meditations",£56.76,The Regional Office Is Under Attack!,£51.36,The Art of War,£33.34,Louisa: The Extraordinary Life of Mrs. Adams,£16.85,Close to You,£49.46,"We Are Robin, Vol. 1: The Vigilante Business (We Are Robin #1)",£53.90,The Lucifer Effect: Understanding How Good People Turn Evil,£10.40,Still Life with Bread Crumbs,£26.41,My Kind of Crazy,£40.36,Greek Mythic History,£10.23,City of Glass (The Mortal Instruments #3),£56.02,Abstract City,£56.37,The Gray Rhino: How to Recognize and Act on the Obvious Dangers We Ignore,£59.15,Everyday Italian: 125 Simple and Delicious Recipes,£20.10,M Train,£27.18,Unlimited Intuition Now,£58.87,A Shard of Ice (The Black Symphony Saga #1),£56.63,Proofs of God: Classical Arguments from Tertullian to Barth,£54.21,Ender's Game (The Ender Quintet #1),£43.64,The Great Gatsby,£36.05,Meternity,£43.58,A Summer In Europe,£44.34,Ship Leaves Harbor: Essays on Travel by a Recovering Journeyman,£30.60,Why Save the Bankers?: And Other Essays on Our Economic and Political Crisis,£48.67,The Crossover,£38.77,I Know Why the Caged Bird Sings (Maya Angelou's Autobiography #1),£36.55,A Game of Thrones (A Song of Ice and Fire #1),£46.42,Outlander (Outlander #1),£19.67,Confessions of a Shopaholic (Shopaholic #1),£48.94,Very Good Lives: The Fringe Benefits of Failure and the Importance of Imagination,£50.66,The Rose &amp; the Dagger (The Wrath and the Dawn #2),£58.64,"The Land of 10,000 Madonnas",£29.64,The Complete Stories and Poems (The Works of Edgar Allan Poe [Cameo Edition]),£26.78,Scarlet (The Lunar Chronicles #2),£14.57,Neither Here nor There: Travels in Europe,£38.95,Is Everyone Hanging Out Without Me? (And Other Concerns),£20.11,"Friday Night Lights: A Town, a Team, and a Dream",£51.22,Catastrophic Happiness: Finding Joy in Childhood's Messy Years,£37.35,A Walk in the Woods: Rediscovering America on the Appalachian Trail,£30.48,"Y: The Last Man, Vol. 1: Unmanned (Y: The Last Man #1)",£18.51,The Republic,£33.78,The Art of Not Breathing,£40.83,Off Sides (Off #1),£39.45,Fighting Fate (Fighting #6),£39.24
Sharp Objects,£47.82,Chase Me (Paris Nights #2),£25.27,#HigherSelfie: Wake Up Your Life. Free Your Soul. Find Your Tribe.,£23.11,"The Mindfulness and Acceptance Workbook for Anxiety: A Guide to Breaking Free from Anxiety, Phobias, and Worry Using Acceptance and Commitment Therapy",£23.89,"Political Suicide: Missteps, Peccadilloes, Bad Calls, Backroom Hijinx, Sordid Pasts, Rotten Breaks, and Just Plain Dumb Mistakes in the Annals of American Politics",£36.28,How to Be Miserable: 40 Strategies You Already Use,£46.03,A Murder in Time,£16.64,The Psychopath Test: A Journey Through the Madness Industry,£36.00,The Argonauts,£10.93,Little Red,£13.47,Chasing Heaven: What Dying Taught Me About Living,£37.80,Walt Disney's Alice in Wonderland,£12.96,The Long Haul (Diary of a Wimpy Kid #9),£44.07,Steve Jobs,£39.50,Mr. Mercedes (Bill Hodges Trilogy #1),£28.90,God: The Most Unpleasant Character in All Fiction,£30.03,City of Fallen Angels (The Mortal Instruments #4),£11.23,A Time of Torment (Charlie Parker #14),£48.35,The Golden Condom: And Other Essays on Love Lost and Found,£39.43,Equal Is Unfair: America's Misguided Fight Against Income Inequality,£56.86,Lilac Girls,£17.28,Underlying Notes,£11.82,A Hero's Curse (The Unseen Chronicles #1),£50.49,Please Kill Me: The Uncensored Oral History of Punk,£31.19,Diary of a Citizen Scientist: Chasing Tiger Beetles and Other New Ways of Engaging the World,£28.41,The Good Girl,£49.03,Memoirs of a Geisha,£49.67,A Short History of Nearly Everything,£52.40,Pride and Prejudice,£19.27,Where She Went (If I Stay #2),£41.73,The 5th Wave (The 5th Wave #1),£11.83,Harry Potter and the Deathly Hallows (Harry Potter #7),£23.32,A Feast for Crows (A Song of Ice and Fire #4),£17.21,"Orchestra of Exiles: The Story of Bronislaw Huberman, the Israel Philharmonic, and the One Thousand Jews He Saved from Nazi Horrors",£12.36,Changing the Game (Play by Play #2),£13.38,Vegan Vegetarian Omnivore: Dinner for Everyone at the Table,£13.66,The Road to Little Dribbling: Adventures of an American in Britain (Notes From a Small Island #2),£23.21,The Infinities,£27.41,The Complete Poems,£41.32,Sarah's Key,£46.29,Naked,£31.69,Into the Wild,£56.70,Fire Bound (Sea Haven/Sisters of the Heart #5),£21.28,Career of Evil (Cormoran Strike #3),£24.72,A Visit from the Goon Squad,£14.08,While You Were Mine,£41.32,The Odyssey,£29.64,Taking Shots (Assassins #1),£18.88,Of Mice and Men,£47.11,Emma,£32.93
Sapiens: A Brief History of Humankind,£54.23,Black Dust,£34.53,Without Borders (Wanderlove #1),£45.07,The Life-Changing Magic of Tidying Up: The Japanese Art of Decluttering and Organizing,£16.77,Patience,£10.16,Her Backup Boyfriend (The Sorensen Family #1),£33.97,A Flight of Arrows (The Pathfinders #2),£55.53,The Project,£10.65,The 10% Entrepreneur: Live Your Startup Dream Without Quitting Your Day Job,£27.55,Library of Souls (Miss Peregrine’s Peculiar Children #3),£48.56,Big Magic: Creative Living Beyond Fear,£30.80,V for Vendetta (V for Vendetta Complete),£37.10,The Loney,£23.40,Sorting the Beef from the Bull: The Science of Food Fraud Forensics,£44.74,More Than Music (Chasing the Dream #1),£37.61,Glory over Everything: Beyond The Kitchen House,£45.84,City of Bones (The Mortal Instruments #1),£43.28,A Study in Scarlet (Sherlock Holmes #1),£16.73,The Epidemic (The Program 0.6),£14.44,Eleanor &amp; Park,£56.51,Lies and Other Acts of Love,£45.14,The Shack,£28.03,23 Degrees South: A Tropical Tale of Changing Whether...,£35.79,Out of Print: City Lights Spotlight No. 14,£53.64,Death by Leisure: A Cautionary Tale,£37.51,The Glass Castle,£16.24,Like Never Before (Walker Family #2),£28.77,A Gathering of Shadows (Shades of Magic #2),£44.81,Musicophilia: Tales of Music and the Brain,£46.58,What If?: Serious Scientific Answers to Absurd Hypothetical Questions,£53.68,Tell the Wind and Fire,£45.51,"Fruits Basket, Vol. 5 (Fruits Basket #5)",£16.33,A Clash of Kings (A Song of Ice and Fire #2),£10.79,No One Here Gets Out Alive,£20.02,Candide,£58.63,"Unstuffed: Decluttering Your Home, Mind, and Soul",£58.09,The Rise of Theodore Roosevelt (Theodore Roosevelt #1),£42.57,The Husband's Secret,£52.51,The Catcher in the Rye,£24.55,"Saga, Volume 3 (Saga (Collected Editions) #3)",£21.57,Morning Star (Red Rising #3),£29.40,Inferno (Robert Langdon #4),£41.00,Fifty Shades Freed (Fifty Shades #3),£15.36,Breaking Dawn (Twilight #4),£35.28,A Storm of Swords (A Song of Ice and Fire #3),£31.22,Where Lightning Strikes (Bleeding Stars #3),£39.77,The No. 1 Ladies' Detective Agency (No. 1 Ladies' Detective Agency #1),£57.70,Starlark,£25.83,Myriad (Prentor #1),£58.75,"Eat, Pray, Love",£51.32
The Requiem Red,£22.65,Birdsong: A Story in Pictures,£54.64,When We Collided,£31.77,"The Inefficiency Assassin: Time Management Tactics for Working Smarter, Not Longer",£20.59,"Outcast, Vol. 1: A Darkness Surrounds Him (Outcast #1)",£15.44,"Giant Days, Vol. 2 (Giant Days #5-8)",£22.11,A Fierce and Subtle Poison,£28.13,The Power of Now: A Guide to Spiritual Enlightenment,£43.54,Suddenly in Love (Lake Haven #1),£55.99,Large Print Heart of the Pride,£19.15,Becoming Wise: An Inquiry into the Mystery and Art of Living,£27.43,Until Friday Night (The Field Party #1),£46.31,The Literature Book (Big Ideas Simply Explained),£17.43,Someone Like You (The Harrisons #2),£52.79,Made to Stick: Why Some Ideas Survive and Others Die,£38.85,Feathers: Displays of Brilliant Plumage,£49.05,City of Ashes (The Mortal Instruments #2),£47.27,"A Series of Catastrophes and Miracles: A True Story of Love, Science, and Cancer",£56.48,The Dinner Party,£56.54,Dirty (Dive Bar #1),£40.83,Lab Girl,£40.85,The New Brand You: Your New Image Makes the Sale for You,£44.05,"Zero to One: Notes on Startups, or How to Build the Future",£34.06,My Life Next Door (My Life Next Door ),£36.39,Brilliant Beacons: A History of the American Lighthouse,£11.45,The Faith of Christopher Hitchens: The Restless Soul of the World's Most Notorious Atheist,£39.55,Life of Pi,£13.22,The Sound Of Love,£57.84,Mere Christianity,£48.51,Two Summers,£14.64,Tell Me Three Things,£41.81,Foundation (Foundation (Publication Order) #1),£32.42,Vogue Colors A to Z: A Fashion Coloring Book,£52.35,Night Shift (Night Shift #1-20),£12.75,Can You Keep a Secret?,£21.94,Under the Banner of Heaven: A Story of Violent Faith,£30.00,The Restaurant at the End of the Universe (Hitchhiker's Guide to the Galaxy #2),£10.92,The Hitchhiker's Guide to the Galaxy (Hitchhiker's Guide to the Galaxy #1),£47.80,The Cat in the Hat (Beginner Books B-1),£16.26,Running with Scissors,£12.91,"Miracles from Heaven: A Little Girl, Her Journey to Heaven, and Her Amazing Story of Healing",£57.83,"In the Garden of Beasts: Love, Terror, and an American Family in Hitler's Berlin",£28.85,Fellside,£38.62,Brave Enough,£51.32,A Heartbreaking Work of Staggering Genius,£54.29,When I'm Gone,£51.96,The Nicomachean Ethics,£36.34,"Skip Beat!, Vol. 01 (Skip Beat! #1)",£42.12,My Perfect Mistake (Over the Top #1),£38.92,Deep Under (Walker Security #1),£47.09
The Dirty Little Secrets of Getting Your Dream Job,£33.34,America's Cradle of Quarterbacks: Western Pennsylvania's Football Factory from Johnny Unitas to Joe Montana,£22.50,"We Love You, Charlie Freeman",£50.27,The Gutsy Girl: Escapades for Your Life of Epic Adventure,£37.13,orange: The Complete Collection 1 (orange: The Complete Collection #1),£48.41,Forever and Forever: The Courtship of Henry Longfellow and Fanny Appleton,£29.69,A Court of Thorns and Roses (A Court of Thorns and Roses #1),£52.37,The Omnivore's Dilemma: A Natural History of Four Meals,£38.21,Something More Than This,£16.24,I Had a Nice Time And Other Lies...: How to find love &amp; sh*t like that,£57.36,Beauty Restored (Riley Family Legacy Novellas #3),£11.11,"Unbroken: A World War II Story of Survival, Resilience, and Redemption",£45.95,The Last Mile (Amos Decker #2),£54.21,"So Cute It Hurts!!, Vol. 6 (So Cute It Hurts!! #6)",£35.43,Luis Paints the World,£53.95,"Far &amp; Away: Places on the Brink of Change: Seven Continents, Twenty-Five Years",£15.06,Cell,£20.29,A People's History of the United States,£40.79,The Diary of a Young Girl,£59.90,Can You Keep a Secret? (Fear Street Relaunch #4),£48.64,Keep Me Posted,£20.46,"The Moosewood Cookbook: Recipes from Moosewood Restaurant, Ithaca, New York",£12.34,Why Not Me?,£17.76,Miller's Valley,£58.54,Brazen: The Courage to Find the You That's Been Hiding,£19.22,The Drowning Girls,£35.67,Leave This Song Behind: Teen Poetry at Its Best,£51.17,The Rise and Fall of the Third Reich: A History of Nazi Germany,£39.67,Me Before You (Me Before You #1),£19.02,This Is Your Brain on Music: The Science of a Human Obsession,£38.40,Talking to Girls About Duran Duran: One Young Man's Quest for True Love and a Cooler Haircut,£25.15,Fool Me Once,£16.96,The Shining (The Shining #1),£27.88,Needful Things,£47.51,Atlas Shrugged,£26.58,Two Boys Kissing,£32.74,The Rest Is Noise: Listening to the Twentieth Century,£34.77,The Guns of August,£14.54,The Case for Christ (Cases for Christianity),£47.84,Rogue Lawyer (Rogue Lawyer #1),£50.11,Midnight Riot (Peter Grant/ Rivers of London - books #1),£55.46,If I Run (If I Run #1),£49.97,Extreme Prey (Lucas Davenport #26),£25.40,Boy Meets Boy,£21.12,8 Keys to Mental Health Through Exercise,£31.04,Ways of Seeing,£39.51,The Name of the Wind (The Kingkiller Chronicle #1),£50.59,Sister Sable (The Mad Queen #1),£13.33,"Ms. Marvel, Vol. 1: No Normal (Ms. Marvel (2014-2015) #1)",£39.39,Choosing Our Religion: The Spiritual Lives of America's Nones,£28.42
"The Coming Woman: A Novel Based on the Life of the Infamous Feminist, Victoria Woodhull",£17.93,Aladdin and His Wonderful Lamp,£53.13,Untitled Collection: Sabbath Poems 2014,£14.27,The Electric Pencil: Drawings from Inside State Hospital No. 3,£56.06,Online Marketing for Busy Authors: A Step-By-Step Guide,£46.35,First and First (Five Boroughs #3),£15.97,(Un)Qualified: How God Uses Broken People to Do Big Things,£54.00,The Nerdy Nummies Cookbook: Sweet Treats for the Geek in All of Us,£37.34,Soft Apocalypse,£26.12,Hollow City (Miss Peregrine’s Peculiar Children #2),£42.98,Batman: The Long Halloween (Batman),£36.50,Twenty Yawns,£22.08,The Immortal Life of Henrietta Lacks,£40.67,Shtum,£55.84,Luckiest Girl Alive,£49.83,Every Last Word,£46.47,Catching Jordan (Hundred Oaks),£50.83,A Man Called Ove,£39.72,The Children,£11.88,Boar Island (Anna Pigeon #19),£59.48,It Didn't Start with You: How Inherited Family Trauma Shapes Who We Are and How to End the Cycle,£56.27,The Flowers Lied,£16.68,When Breath Becomes Air,£39.36,Man's Search for Meaning,£29.48,Between the World and Me,£56.91,The Constant Princess (The Tudor Court #1),£16.62,King's Folly (The Kinsman Chronicles #1),£39.61,The Perks of Being a Wallflower,£55.02,In the Woods (Dublin Murder Squad #1),£38.38,The Secret Garden,£15.08,Siddhartha,£34.22,Find Her (Detective D.D. Warren #8),£22.37,The Pilgrim's Progress,£50.26,Mockingjay (The Hunger Games #3),£20.44,Animal Farm,£57.22,Twilight (Twilight #1),£41.93,The Red Tent,£35.66,The Guernsey Literary and Potato Peel Pie Society,£49.53,The Book Thief,£53.49,"Rise of the Rocket Girls: The Women Who Propelled Us, from Missiles to the Moon to Mars",£41.67,Me Talk Pretty One Day,£57.60,I've Got Your Number,£19.69,Eragon (The Inheritance Cycle #1),£43.87,"Born to Run: A Hidden Tribe, Superathletes, and the Greatest Race the World Has Never Seen",£27.35,#GIRLBOSS,£50.96,"Vampire Knight, Vol. 1 (Vampire Knight #1)",£15.40,The Mirror &amp; the Maze (The Wrath and the Dawn #1.5),£29.38,Shatter Me (Shatter Me #1),£42.40,Meditations,£25.89,Charlie and the Chocolate Factory (Charlie Bucket #1),£22.85
The Boys in the Boat: Nine Americans and Their Epic Quest for Gold at the 1936 Berlin Olympics,£22.60,Worlds Elsewhere: Journeys Around Shakespeare’s Globe,£40.30,"Unseen City: The Majesty of Pigeons, the Discreet Charm of Snails &amp; Other Wonders of the Urban Wilderness",£44.18,The Death of Humanity: and the Case for Life,£58.11,On a Midnight Clear,£14.07,Fifty Shades Darker (Fifty Shades #2),£21.96,You Are What You Love: The Spiritual Power of Habit,£21.87,The Murder of Roger Ackroyd (Hercule Poirot #4),£44.10,So You've Been Publicly Shamed,£12.23,Grumbles,£22.16,Batman: The Dark Knight Returns (Batman),£15.38,Through the Woods,£25.38,The Hidden Oracle (The Trials of Apollo #1),£52.26,See America: A Celebration of Our National Parks &amp; Treasured Sites,£48.87,Lowriders to the Center of the Earth (Lowriders in Space #2),£51.51,Eligible (The Austen Project #4),£27.09,"Carry On, Warrior: Thoughts on Life Unarmed",£31.85,A Distant Mirror: The Calamitous 14th Century,£14.58,Stars Above (The Lunar Chronicles #4.5),£48.05,A Paris Apartment,£39.01,Grey (Fifty Shades #4),£48.49,"The Fabric of the Cosmos: Space, Time, and the Texture of Reality",£55.91,Vagabonding: An Uncommon Guide to the Art of Long-Term World Travel,£36.94,"Love That Boy: What Two Presidents, Eight Road Trips, and My Son Taught Me About a Parent's Expectations",£25.06,Being Mortal: Medicine and What Matters in the End,£55.06,The Bourne Identity (Jason Bourne #1),£42.78,John Adams,£57.43,The Mysterious Affair at Styles (Hercule Poirot #1),£24.80,In Cold Blood,£49.98,The Raven King (The Raven Cycle #4),£30.57,Shiver (The Wolves of Mercy Falls #1),£16.23,Evicted: Poverty and Profit in the American City,£42.27,The Perfect Play (Play by Play #1),£59.99,Misery,£34.79,A Walk to Remember,£56.43,Twenties Girl,£42.80,The Purpose Driven Life: What on Earth Am I Here for?,£37.19,The Goldfinch,£43.58,The Book of Basketball: The NBA According to The Sports Guy,£44.84,Rework,£44.88,Manuscript Found in Accra,£34.98,I Am Malala: The Girl Who Stood Up for Education and Was Shot by the Taliban,£28.88,Eclipse (Twilight #3),£18.74,Blink: The Power of Thinking Without Thinking,£21.74,"The Suffragettes (Little Black Classics, #96)",£11.89,Vampire Girl (Vampire Girl #1),£53.82,The Little Prince,£45.42,Shameless,£58.35,Matilda,£28.34,Charity's Cross (Charles Towne Belles #4),£41.24
The Black Maria,£52.15,Wall and Piece,£44.18,Unicorn Tracks,£18.78,"The Bulletproof Diet: Lose up to a Pound a Day, Reclaim Energy and Focus, Upgrade Your Life",£49.05,Obsidian (Lux #1),£14.86,Everydata: The Misinformation Hidden in the Little Data You Consume Every Day,£54.35,"William Shakespeare's Star Wars: Verily, A New Hope (William Shakespeare's Star Wars #4)",£43.30,The Mistake (Off-Campus #2),£43.29,Shoe Dog: A Memoir by the Creator of NIKE,£23.99,Full Moon over Noah’s Ark: An Odyssey to Mount Ararat and Beyond,£49.43,Ayumi's Violin,£15.48,This Is Where It Ends,£27.12,The Help Yourself Cookbook for Kids: 60 Easy Plant-Based Recipes Kids Can Make to Stay Healthy and Save the Earth,£28.77,salt.,£46.78,Love Is a Mix Tape (Music #1),£18.03,El Deafo,£57.62,Carrie,£46.23,A Brush of Wings (Angels Walking #3),£55.51,Snatched: How A Drug Queen Went Undercover for the DEA and Was Kidnapped By Colombian Guerillas,£21.21,"A la Mode: 120 Recipes in 60 Pairings: Pies, Tarts, Cakes, Crisps, and More Topped with Ice Cream, Gelato, Frozen Custard, and More",£38.77,"Exit, Pursued by a Bear",£51.34,The Book of Mormon,£24.57,The Unlikely Pilgrimage of Harold Fry (Harold Fry #1),£43.62,Living Forward: A Proven Plan to Stop Drifting and Get the Life You Want,£12.55,"A Murder Over a Girl: Justice, Gender, Junior High",£13.20,The Bachelor Girl's Guide to Murder (Herringford and Watts Mysteries #1),£52.30,How to Cook Everything Vegetarian: Simple Meatless Recipes for Great Food (How to Cook Everything),£46.01,The Man Who Mistook His Wife for a Hat and Other Clinical Tales,£59.45,How to Stop Worrying and Start Living,£46.49,The Raven Boys (The Raven Cycle #1),£57.74,Remember Me?,£11.48,Drama,£38.70,The Passion of Dolssa,£28.32,Little Women (Little Women #1),£28.07,A New Earth: Awakening to Your Life's Purpose,£55.65,"Trespassing Across America: One Man's Epic, Never-Done-Before (and Sort of Illegal) Hike Across the Heartland",£53.51,The Purest Hook (Second Circle Tattoos #3),£12.25,The Giver (The Giver Quartet #1),£12.30,The Blind Side: Evolution of a Game,£53.71,Reservations for Two,£11.10,Lust &amp; Wonder,£11.87,Hungry Girl Clean &amp; Hungry: Easy All-Natural Recipes for Healthy Eating in the Real World,£33.14,Dune (Dune #1),£54.86,Black Flags: The Rise of ISIS,£40.87,The Sense of an Ending,£31.38,Twenty Love Poems and a Song of Despair,£30.95,The Light of the Fireflies,£54.43,Shadow Rites (Jane Yellowrock #10),£21.72,Lost Among the Living,£27.70,Bright Lines,£39.07
"Starving Hearts (Triangular Trade Trilogy, #1)",£13.99,The Four Agreements: A Practical Guide to Personal Freedom,£17.66,"Unbound: How Eight Technologies Made Us Human, Transformed Society, and Brought Our World to the Brink",£25.52,The Art Forger,£40.76,My Paris Kitchen: Recipes and Stories,£33.37,"Don't Be a Jerk: And Other Practical Advice from Dogen, Japan's Greatest Zen Master",£37.97,Tuesday Nights in 1980,£21.04,The Matchmaker's Playbook (Wingmen Inc. #1),£55.85,"Shobu Samurai, Project Aryoku (#3)",£29.06,Frostbite (Vampire Academy #2),£29.99,Anonymous,£46.82,The Year of Magical Thinking,£43.04,The Guilty (Will Robie #4),£13.82,Robin War,£47.82,Looking for Lovely: Collecting the Moments that Matter,£29.14,Eight Hundred Grapes,£14.39,Buying In: The Secret Dialogue Between What We Buy and Who We Are,£37.80,1491: New Revelations of the Americas Before Columbus,£21.80,Raspberry Pi Electronics Projects for the Evil Genius,£49.67,Troublemaker: Surviving Hollywood and Scientology,£48.39,Daredevils,£16.34,The Art and Science of Low Carbohydrate Living,£52.98,The New Drawing on the Right Side of the Brain,£43.02,Les Fleurs du Mal,£29.04,32 Yolks,£53.63,The Art Book,£32.34,How to Be a Domestic Goddess: Baking and the Art of Comfort Cooking,£28.25,The Makings of a Fatherless Child,£31.58,Give It Back,£18.32,The Power Greens Cookbook: 140 Delicious Superfood Recipes,£11.05,Red Dragon (Hannibal Lecter #1),£23.37,Dracula the Un-Dead,£35.63,The Jazz of Physics: The Secret Link Between Music and the Structure of the Universe,£38.71,It,£25.01,"A History of God: The 4,000-Year Quest of Judaism, Christianity, and Islam",£27.62,Three-Martini Lunch,£23.21,The Picture of Dorian Gray,£29.70,The Girl with All the Gifts,£49.47,The Autobiography of Malcolm X,£23.43,Red: The True Story of Red Riding Hood,£28.54,Lila (Gilead #3),£12.47,"House of Lost Worlds: Dinosaurs, Dynasties, and the Story of Life on Earth",£43.70,Dracula,£52.62,"Black Butler, Vol. 1 (Black Butler #1)",£49.31,"The Sandman, Vol. 2: The Doll's House (The Sandman (volumes) #2)",£54.81,Travels with Charley: In Search of America,£57.82,The Last Girl (The Dominion Trilogy #1),£36.26,Settling the Score (The Summer Games #1),£44.91,Lord of the Flies,£24.89,Bridget Jones's Diary (Bridget Jones #1),£29.82
Shakespeare's Sonnets,£20.66,The Five Love Languages: How to Express Heartfelt Commitment to Your Mate,£31.05,Tsubasa: WoRLD CHRoNiCLE 2 (Tsubasa WoRLD CHRoNiCLE #2),£16.28,The Age of Genius: The Seventeenth Century and the Birth of the Modern Mind,£19.73,Masks and Shadows,£56.40,Danganronpa Volume 1,£51.99,Tracing Numbers on a Train,£41.60,The Love and Lemons Cookbook: An Apple-to-Zucchini Celebration of Impromptu Cooking,£37.60,Secrets and Lace (Fatal Hearts #1),£20.27,Follow You Home,£21.36,Amy Meets the Saints and Sages,£18.46,The Wright Brothers,£56.80,The First Hostage (J.B. Collins #2),£25.85,"Red Hood/Arsenal, Vol. 1: Open for Business (Red Hood/Arsenal #1)",£25.48,"Living Leadership by Insight: A Good Leader Achieves, a Great Leader Builds Monuments",£46.91,"Eaternity: More than 150 Deliciously Easy Vegan Recipes for a Long, Healthy, Satisfied, Joyful Life",£51.75,Brain on Fire: My Month of Madness,£49.32,"The Three Searches, Meaning, and the Story",£13.33,Quench Your Own Thirst: Business Lessons Learned Over a Beer or Two,£43.14,The Widow,£27.26,Cravings: Recipes for What You Want to Eat,£20.50,The Alien Club,£54.40,"The Midnight Assassin: Panic, Scandal, and the Hunt for America's First Serial Killer",£28.45,Left Behind (Left Behind #1),£40.72,Most Blessed of the Patriarchs,£44.48,The 7 Habits of Highly Effective People: Powerful Lessons in Personal Change,£33.17,Good in Bed (Cannie Shapiro #1),£37.05,The Joy of Cooking,£43.27,"Girl, Interrupted",£42.14,The Metamorphosis,£28.58,Peak: Secrets from the New Science of Expertise,£16.28,Digital Fortress,£58.00,The Hunger Games (The Hunger Games #1),£29.85,Harry Potter and the Sorcerer's Stone (Harry Potter #1),£13.90,'Salem's Lot,£49.56,"Thinking, Fast and Slow",£21.14,The Paris Wife,£36.80,The Girl Who Played with Fire (Millennium Trilogy #2),£22.14,"The Art of Simple Food: Notes, Lessons, and Recipes from a Delicious Revolution",£34.32,Ready Player One,£19.07,"Life, the Universe and Everything (Hitchhiker's Guide to the Galaxy #3)",£33.26,House of Leaves,£54.89,Do Androids Dream of Electric Sheep? (Blade Runner #1),£51.48,Big Little Lies,£22.11,The Course of Love,£16.78,Three Wishes (River of Time: California #1),£44.18,The Iliad,£16.16,Sense and Sensibility,£37.46,Listen to Me (Fusion #1),£58.99,Bounty (Colorado Mountain #7),£37.26
Set Me Free,£17.46,The Elephant Tree,£23.82,Throwing Rocks at the Google Bus: How Growth Became the Enemy of Prosperity,£31.12,The Activist's Tao Te Ching: Ancient Advice for a Modern Revolution,£32.24,"Mama Tried: Traditional Italian Cooking for the Screwed, Crude, Vegan, and Tattooed",£14.02,Crown of Midnight (Throne of Glass #2),£43.29,Throne of Glass (Throne of Glass #1),£35.07,The Long Shadow of Small Ghosts: Murder and Memory in an American City,£10.97,Scarlett Epstein Hates It Here,£43.55,First Steps for New Christians (Print Edition),£29.00,Amid the Chaos,£36.58,The White Queen (The Cousins' War #1),£25.91,The Dovekeepers,£48.78,Rain Fish,£23.57,Let It Out: A Journey Through Journaling,£26.79,"Eat Fat, Get Thin",£54.07,Batman: Europa,£32.01,Searching for Meaning in Gailana,£38.73,Psycho: Sanitarium (Psycho #1.5),£36.97,"The Sleep Revolution: Transforming Your Life, One Night at a Time",£11.68,Born for This: How to Find the Work You Were Meant to Do,£21.59,Suzie Snowflake: One beautiful flake (a self-esteem story),£54.81,The Martian (The Martian #1),£41.39,Kill 'Em and Leave: Searching for James Brown and the American Soul,£45.05,You Are a Badass: How to Stop Doubting Your Greatness and Start Living an Awesome Life,£12.08,Team of Rivals: The Political Genius of Abraham Lincoln,£20.12,"Fruits Basket, Vol. 7 (Fruits Basket #7)",£19.57,The Invention of Wings,£37.34,Fun Home: A Family Tragicomic,£56.59,The Mathews Men: Seven Brothers and the War Against Hitler's U-boats,£42.91,My Mother Was Nuts,£31.63,"Death Note, Vol. 5: Whiteout (Death Note #5)",£52.41,The Hound of the Baskervilles (Sherlock Holmes #5),£14.82,Harry Potter and the Prisoner of Azkaban (Harry Potter #3),£24.17,Zero History (Blue Ant #3),£34.77,The Wild Robot,£56.07,The Obsession,£45.43,The Girl Who Kicked the Hornet's Nest (Millennium Trilogy #3),£57.48,The Art of Fielding,£22.10,Quiet: The Power of Introverts in a World That Can't Stop Talking,£43.55,Life Without a Recipe,£59.04,Horrible Bear!,£37.52,Disrupted: My Misadventure in the Start-Up Bubble,£15.28,Between Shades of Gray,£20.79,Sugar Rush (Offensive Line #2),£24.42,This One Moment (Pushing Limits #1),£48.71,The Hook Up (Game On #1),£36.29,"Saga, Volume 1 (Saga (Collected Editions) #1)",£28.48,Kitchens of the Great Midwest,£57.20,Blood Defense (Samantha Brinkman #1),£20.30
Scott Pilgrim's Precious Little Life (Scott Pilgrim #1),£52.29,The Bear and the Piano,£36.89,This One Summer,£19.49,Spark Joy: An Illustrated Master Class on the Art of Organizing and Tidying Up,£41.83,"Lumberjanes, Vol. 2: Friendship to the Max (Lumberjanes #5-8)",£46.91,"Codename Baboushka, Volume 1: The Conclave of Death",£36.72,Thomas Jefferson and the Tripoli Pirates: The Forgotten War That Changed American History,£59.64,The Kite Runner,£41.82,Romero and Juliet: A Tragic Tale of Love and Zombies,£36.94,Finders Keepers (Bill Hodges Trilogy #2),£53.53,Amatus,£50.54,The Wedding Pact (The O'Malleys #2),£32.61,The Darkest Lie,£35.35,"Quarter Life Poetry: Poems for the Young, Broke and Hangry",£50.89,Lady Midnight (The Dark Artifices #1),£16.28,Don't Get Caught,£55.35,Barefoot Contessa Back to Basics,£28.01,Rook,£37.86,Poisonous (Max Revere Novels #3),£26.80,The Improbability of Love,£59.45,Arena,£21.36,Nap-a-Roo,£25.08,The High Mountains of Portugal,£51.15,Kierkegaard: A Christian Missionary to Christians,£47.13,Wildlife of New York: A Five-Borough Coloring Book,£22.14,Steal Like an Artist: 10 Things Nobody Told You About Being Creative,£20.90,For the Love: Fighting for Grace in a World of Impossible Standards,£45.13,The Hobbit (Middle-Earth Universe),£17.80,"Fruits Basket, Vol. 6 (Fruits Basket #6)",£20.96,The Little Paris Bookshop,£24.73,Mexican Today: New and Rediscovered Recipes for Contemporary Kitchens,£24.91,"Data, A Love Story: How I Gamed Online Dating to Meet My Match",£32.35,The Gunning of America: Business and the Making of American Gun Culture,£16.81,Harry Potter and the Order of the Phoenix (Harry Potter #5),£31.63,Wuthering Heights,£17.73,"The Wicked + The Divine, Vol. 3: Commercial Suicide (The Wicked + The Divine)",£14.41,The Nightingale,£26.26,The Exiled,£43.45,"Surely You're Joking, Mr. Feynman!: Adventures of a Curious Character",£25.83,Prodigy: The Graphic Novel (Legend: The Graphic Novel #2),£43.63,Life After Life,£26.13,Holidays on Ice,£51.07,Dead Wake: The Last Crossing of the Lusitania,£39.24,Best of My Love (Fool's Gold #20),£27.41,"Saga, Volume 2 (Saga (Collected Editions) #2)",£11.75,The Zombie Room,£19.69,The Haters,£27.89,"Rhythm, Chord &amp; Malykhin",£28.34,Jane Eyre,£38.43,"Bleach, Vol. 1: Strawberry and the Soul Reapers (Bleach #1)",£34.65
Rip it Up and Start Again,£35.02,Sophie's World,£15.94,Thirst,£17.27,Soul Reader,£39.58,"Lumberjanes, Vol. 1: Beware the Kitten Holy (Lumberjanes #1-4)",£45.61,Camp Midnight,£17.08,Thirteen Reasons Why,£52.72,The House by the Lake,£36.95,Redeeming Love,£20.47,"Fables, Vol. 1: Legends in Exile (Fables #1)",£41.62,Agnostic: A Spirited Manifesto,£12.51,The Time Keeper,£27.88,The Bane Chronicles (The Bane Chronicles #1-11),£44.73,Pet Sematary,£10.56,"It's All Easy: Healthy, Delicious Weeknight Meals in under 30 Minutes",£19.55,Doctor Sleep (The Shining #2),£40.12,Barefoot Contessa at Home: Everyday Recipes You'll Make Over and Over Again,£50.62,My Kitchen Year: 136 Recipes That Saved My Life,£11.53,One with You (Crossfire #5),£15.71,The Art of Startup Fundraising,£21.00,Adultery,£20.88,"NaNo What Now? Finding your editing process, revising your NaNoWriMo book and building a writing career through publishing and beyond",£10.41,The Grownup,£35.88,John Vassos: Industrial Design for Modern Life,£20.22,What Happened on Beale Street (Secrets of the South Mysteries #2),£25.37,"Sit, Stay, Love",£20.90,Finding God in the Ruins: How God Redeems Pain,£46.64,The Great Railway Bazaar,£30.54,Deception Point,£40.32,The Hiding Place,£55.91,Maybe Something Beautiful: How Art Transformed a Neighborhood,£22.54,Critique of Pure Reason,£20.75,The Geography of Bliss: One Grump's Search for the Happiest Places in the World,£28.23,Harry Potter and the Half-Blood Prince (Harry Potter #6),£48.75,World War Z: An Oral History of the Zombie War,£21.80,The Undomestic Goddess,£45.75,The New Guy (and Other Senior Year Distractions),£44.92,"The End of Faith: Religion, Terror, and the Future of Reason",£22.13,Stiff: The Curious Lives of Human Cadavers,£36.74,Persepolis: The Story of a Childhood (Persepolis #1-2),£39.13,Letter to a Christian Nation,£22.20,Heir to the Sky,£44.07,"David and Goliath: Underdogs, Misfits, and the Art of Battling Giants",£17.81,Beowulf,£38.35,"Run, Spot, Run: The Ethics of Keeping Pets",£20.02,"The Wicked + The Divine, Vol. 1: The Faust Act (The Wicked + The Divine)",£36.52,The Girl You Lost,£12.29,"Rat Queens, Vol. 1: Sass &amp; Sorcery (Rat Queens (Collected Editions) #1-5)",£46.96,Imperfect Harmony,£34.74,Beyond Good and Evil,£43.38
"Our Band Could Be Your Life: Scenes from the American Indie Underground, 1981-1991",£57.25,Penny Maybe,£33.29,The Torch Is Passed: A Harding Family Story,£19.09,Security,£39.25,Lumberjanes Vol. 3: A Terrible Plan (Lumberjanes #9-12),£19.92,Call the Nurse: True Stories of a Country Nurse on a Scottish Isle,£29.14,The White Cat and the Monk: A Retelling of the Poem “Pangur Bán”,£58.08,The Glittering Court (The Glittering Court #1),£44.28,Poses for Artists Volume 1 - Dynamic and Sitting Poses: An Essential Reference for Figure Drawing and the Human Form,£41.06,Eureka Trivia 6.0,£54.59,Zealot: The Life and Times of Jesus of Nazareth,£24.70,The Testament of Mary,£52.67,The Bad-Ass Librarians of Timbuktu: And Their Race to Save the World’s Most Precious Manuscripts,£15.77,"Overload: How to Unplug, Unwind, and Unleash Yourself from the Pressure of Stress",£52.15,Island of Dragons (Unwanteds #7),£29.65,Demigods &amp; Magicians: Percy and Annabeth Meet the Kanes (Percy Jackson &amp; Kane Chronicles Crossover #1-3),£37.51,Balloon Animals,£17.03,13 Hours: The Inside Account of What Really Happened In Benghazi,£27.06,No Love Allowed (Dodge Cove #1),£54.65,Take Me Home Tonight (Rock Star Romance #3),£53.98,A Mother's Reckoning: Living in the Aftermath of Tragedy,£19.53,Modern Day Fables,£47.44,The E-Myth Revisited: Why Most Small Businesses Don't Work and What to Do About It,£36.91,I'll Give You the Sun,£56.48,Unreasonable Hope: Finding Faith in the God Who Brings Purpose to Your Pain,£46.33,Sister Dear,£40.20,Every Heart a Doorway (Every Heart A Doorway #1),£12.16,The Golden Compass (His Dark Materials #1),£18.77,"Death Note, Vol. 6: Give-and-Take (Death Note #6)",£36.39,The Grand Design,£13.76,Lola and the Boy Next Door (Anna and the French Kiss #2),£23.63,Booked,£17.49,The Demonists (Demonist #1),£52.11,Harry Potter and the Chamber of Secrets (Harry Potter #2),£14.74,Wild: From Lost to Found on the Pacific Crest Trail,£46.02,The Travelers,£15.77,The Nanny Diaries (Nanny #1),£52.53,"The Elegant Universe: Superstrings, Hidden Dimensions, and the Quest for the Ultimate Theory",£13.03,Spilled Milk: Based on a True Story,£49.51,Packing for Mars: The Curious Science of Life in the Void,£56.68,Let's Pretend This Never Happened: A Mostly True Memoir,£45.11,Green Eggs and Ham (Beginner Books B-16),£10.79,Darkfever (Fever #1),£56.02,Beautiful Creatures (Caster Chronicles #1),£21.55,New Moon (Twilight #2),£12.86,The Tumor,£41.56,The Girl In The Ice (DCI Erika Foster #1),£15.85,Paradise Lost (Paradise #1),£24.96,Icing (Aces Hockey #2),£40.44,Alice in Wonderland (Alice's Adventures in Wonderland #1),£55.53
Olio,£23.88,Maude (1883-1993):She Grew Up with the country,£18.02,The Secret of Dreadwillow Carse,£56.13,"Saga, Volume 6 (Saga (Collected Editions) #6)",£25.02,"Layered: Baking, Building, and Styling Spectacular Cakes",£40.11,Burning,£28.81,The Wedding Dress,£24.12,The Girl on the Train,£55.02,Poems That Make Grown Women Cry,£14.19,Drive: The Surprising Truth About What Motivates Us,£34.95,You (You #1),£43.61,The Star-Touched Queen,£46.02,The 14th Colony (Cotton Malone #11),£39.24,Once Was a Time,£18.28,I Know What I'm Doing -- and Other Lies I Tell Myself: Dispatches from a Life Under Construction,£25.98,Dear Mr. Knightley,£11.21,Art Ops Vol. 1,£48.80,Will You Won't You Want Me?,£13.86,Murder at the 42nd Street Library (Raymond Ambler #1),£54.36,Sleeping Giants (Themis Files #1),£48.74,A Gentleman's Position (Society of Gentlemen #3),£14.75,If I Gave You God's Phone Number....: Searching for Spirituality in America,£20.91,South of Sunshine,£28.93,I Will Find You,£44.21,Under the Tuscan Sun,£37.33,"Shrunken Treasures: Literary Classics, Short, Sweet, and Silly",£52.87,Delivering the Truth (Quaker Midwife Mystery #1),£20.89,The God Delusion,£46.85,Catherine the Great: Portrait of a Woman,£58.55,The Firm,£45.56,Logan Kade (Fallen Crest High #5.5),£13.12,"Blue Lily, Lily Blue (The Raven Cycle #3)",£34.13,"The Demon Prince of Momochi House, Vol. 4 (The Demon Prince of Momochi House #4)",£27.88,Gone with the Wind,£32.49,"Where'd You Go, Bernadette",£18.13,The Tipping Point: How Little Things Can Make a Big Difference,£10.02,The Name of God is Mercy,£37.25,"The Disappearing Spoon: And Other True Tales of Madness, Love, and the History of the World from the Periodic Table of the Elements",£57.35,Something Borrowed (Darcy &amp; Rachel #1),£48.96,Outliers: The Story of Success,£14.16,Legend (Legend #1),£43.69,"Grayson, Vol 3: Nemesis (Grayson #3)",£42.72,Dark Places,£23.90,Awkward,£38.02,Life,£31.58,The Story of Hong Gildong,£43.19,The End of the Jesus Era (An Investigation #1),£14.40,"Paper Girls, Vol. 1 (Paper Girls #1-5)",£21.71,"Hawkeye, Vol. 1: My Life as a Weapon (Hawkeye #1)",£45.24,"Ajin: Demi-Human, Volume 1 (Ajin: Demi-Human #1)",£57.06
Mesaerion: The Best Science Fiction Stories 1800-1849,£37.59,"In a Dark, Dark Wood",£19.63,"The Pioneer Woman Cooks: Dinnertime: Comfort Classics, Freezer Food, 16-Minute Meals, and Other Delicious Ways to Solve Supper!",£56.41,"Saga, Volume 5 (Saga (Collected Editions) #5)",£51.04,Judo: Seven Steps to Black Belt (an Introductory Guide for Beginners),£53.90,Bossypants,£49.46,The Vacationers,£42.15,The Genius of Birds,£17.24,"Nightingale, Sing",£38.28,Done Rubbed Out (Reightman &amp; Bailey #1),£37.72,"Wonder Woman: Earth One, Volume One (Wonder Woman: Earth One #1)",£37.34,The Songs of the Gods,£44.48,That Darkness (Gardiner and Renner #1),£13.92,Old School (Diary of a Wimpy Kid #10),£11.83,I Am Pilgrim (Pilgrim #1),£10.60,Daily Fantasy Sports,£36.58,Aristotle and Dante Discover the Secrets of the Universe (Aristotle and Dante Discover the Secrets of the Universe #1),£58.14,Tipping Point for Planet Earth: How Close Are We to the Edge?,£37.55,Most Wanted,£35.28,"Setting the World on Fire: The Brief, Astonishing Life of St. Catherine of Siena",£21.15,11/22/63,£48.48,"Fruits Basket, Vol. 9 (Fruits Basket #9)",£33.95,Smarter Faster Better: The Secrets of Being Productive in Life and Business,£38.89,Hystopia: A Novel,£21.96,Toddlers Are A**holes: It's Not Your Fault,£25.55,"Rich Dad, Poor Dad",£51.74,Counted With the Stars (Out from Egypt #1),£17.97,The Girl You Left Behind (The Girl You Left Behind #1),£15.79,Better Homes and Gardens New Cook Book,£39.61,The Fault in Our Stars,£47.22,Last One Home (New Beginnings #1),£59.98,Approval Junkie: Adventures in Caring Too Much,£58.81,The Bone Hunters (Lexy Vaughan &amp; Steven Macaulay #2),£59.71,God Is Not Great: How Religion Poisons Everything,£27.80,When You Are Engulfed in Flames,£30.89,The Thing About Jellyfish,£48.77,The Maze Runner (The Maze Runner #1),£20.93,The Devil Wears Prada (The Devil Wears Prada #1),£44.29,Something Blue (Darcy &amp; Rachel #2),£54.62,Original Fake,£31.45,"Lean In: Women, Work, and the Will to Lead",£25.02,Gratitude,£26.66,Crazy Rich Asians (Crazy Rich Asians #1),£49.13,Ash,£22.06,Kindle Paperwhite User's Guide,£34.00,The Silent Wife,£12.34,The Edge of Reason (Bridget Jones #2),£19.18,"Ouran High School Host Club, Vol. 1 (Ouran High School Host Club #1)",£29.87,Having the Barbarian's Baby (Ice Planet Barbarians #7.5),£34.96,A Spy's Devotion (The Regency Spies of London #1),£16.97
Libertarianism for Beginners,£51.33,Behind Closed Doors,£52.22,The Past Never Ends,£56.50,Reskilling America: Learning to Labor in the Twenty-First Century,£19.83,Join,£35.67,"Bitch Planet, Vol. 1: Extraordinary Machine (Bitch Planet (Collected Editions))",£37.92,The Third Wave: An Entrepreneur’s Vision of the Future,£12.61,The Emerald Mystery,£23.15,Night Sky with Exit Wounds,£41.05,Doing It Over (Most Likely To #1),£35.61,Wild Swans,£14.36,The Song of Achilles,£37.40,Tastes Like Fear (DI Marnie Rome #3),£10.69,No Dream Is Too High: Life Lessons From a Man Who Walked on the Moon,£21.95,"Hyperbole and a Half: Unfortunate Situations, Flawed Coping Mechanisms, Mayhem, and Other Things That Happened",£14.75,Crazy Love: Overwhelmed by a Relentless God,£47.72,Angels Walking (Angels Walking #1),£34.20,The Star-Touched Queen,£32.30,"Love, Lies and Spies",£20.55,Playing with Fire,£13.71,"10% Happier: How I Tamed the Voice in My Head, Reduced Stress Without Losing My Edge, and Found Self-Help That Actually Works",£24.57,Dress Your Family in Corduroy and Denim,£43.68,Silence in the Dark (Logan Point #4),£58.33,Howl and Other Poems,£40.45,The Year of Living Biblically: One Man's Humble Quest to Follow the Bible as Literally as Possible,£34.72,Raymie Nightingale,£34.41,"Chronicles, Vol. 1",£52.60,The Fellowship of the Ring (The Lord of the Rings #1),£10.27,An Unquiet Mind: A Memoir of Moods and Madness,£21.30,The False Prince (The Ascendance Trilogy #1),£56.00,Killing Floor (Jack Reacher #1),£31.49,An Abundance of Katherines,£10.00,The Beast (Black Dagger Brotherhood #14),£46.08,Girl With a Pearl Earring,£26.77,We the People: The Modern-Day Figures Who Have Reshaped and Affirmed the Founding Fathers' Vision of America,£31.95,The Stand,£57.86,The Lover's Dictionary,£58.09,The Demon-Haunted World: Science as a Candle in the Dark,£52.25,Soldier (Talon #3),£24.72,Orange Is the New Black,£24.61,"Lamb: The Gospel According to Biff, Christ's Childhood Pal",£55.50,Gone Girl,£37.60,Counting Thyme,£10.62,Are We There Yet?,£10.66,H is for Hawk,£57.42,The Silent Twin (Detective Jennifer Knight #3),£36.25,The Complete Maus (Maus #1-2),£10.64,Origins (Alphas 0.5),£28.99,"Giant Days, Vol. 1 (Giant Days #1-4)",£56.76,1st to Die (Women's Murder Club #1),£53.98
It's Only the Himalayas,£45.17,You can't bury them all: Poems,£33.63,The Natural History of Us (The Fine Art of Pretending #2),£45.22,"Rat Queens, Vol. 3: Demons (Rat Queens (Collected Editions) #11-15)",£50.40,In the Country We Love: My Family Divided,£22.00,"Avatar: The Last Airbender: Smoke and Shadow, Part 3 (Smoke and Shadow #3)",£28.09,The Stranger,£17.44,The Cookies &amp; Cups Cookbook: 125+ sweet &amp; savory recipes reminding you to Always Eat Dessert First,£41.25,Mrs. Houdini,£30.25,"Deliciously Ella Every Day: Quick and Easy Recipes for Gluten-Free Snacks, Packed Lunches, and Simple Meals",£42.16,Why the Right Went Wrong: Conservatism--From Goldwater to the Tea Party and Beyond,£52.65,The Rosie Project (Don Tillman #1),£54.04,Take Me with You,£45.21,"Naruto (3-in-1 Edition), Vol. 14: Includes Vols. 40, 41 &amp; 42 (Naruto: Omnibus #14)",£38.39,"Hush, Hush (Hush, Hush #1)",£47.02,Cometh the Hour (The Clifton Chronicles #6),£25.01,Angels &amp; Demons (Robert Langdon #1),£51.48,The Silent Sister (Riley MacPherson #1),£46.29,How to Speak Golf: An Illustrated Guide to Links Lingo,£58.32,Off the Hook (Fishing for Trouble #1),£47.67,10-Day Green Smoothie Cleanse: Lose Up to 15 Pounds in 10 Days!,£49.71,Don't Forget Steven,£33.23,Shadows of the Past (Logan Point #1),£39.67,History of Beauty,£10.29,The Whale,£35.96,Playing from the Heart,£32.38,Blue Like Jazz: Nonreligious Thoughts on Christian Spirituality,£25.77,The Collected Poems of W.B. Yeats (The Collected Works of W.B. Yeats #1),£15.42,A Year in Provence (Provence #1),£56.88,The Expatriates,£44.58,Kill the Boy Band,£15.52,America's War for the Greater Middle East: A Military History,£51.22,Some Women,£13.73,"Fruits Basket, Vol. 4 (Fruits Basket #4)",£50.44,We Are All Completely Beside Ourselves,£24.04,The Smitten Kitchen Cookbook,£23.59,The Lonely Ones,£43.59,The Day the Crayons Came Home (Crayons),£26.33,Shopaholic &amp; Baby (Shopaholic #5),£46.45,One for the Money (Stephanie Plum #1),£32.87,Lady Renegades (Rebel Belle #3),£53.04,Golden (Heart of Dread #3),£42.21,Cosmos,£36.17,Are We Smart Enough to Know How Smart Animals Are?,£56.58,Girl Online On Tour (Girl Online #2),£53.47,The Selfish Gene,£29.45,The Communist Manifesto,£14.76,One Second (Seven #7),£52.94,"Fruits Basket, Vol. 1 (Fruits Basket #1)",£40.28,"1,000 Places to See Before You Die",£26.08
