,Price,Title
0,51.77,A Light in the Attic
1,53.74,Tipping the Velvet
2,50.10,Soumission
3,47.82,Sharp Objects
4,54.23,Sapiens: A Brief History of Humankind
5,22.65,The Requiem Red
6,33.34,The Dirty Little Secrets of Getting Your Dream Job
7,17.93,"The Coming Woman: A Novel Based on the Life of the Infamous Feminist, Victoria Woodhull"
8,22.60,The Boys in the Boat: Nine Americans and Their Epic Quest for Gold at the 1936 Berlin Olympics
9,52.15,The Black Maria
10,13.99,"Starving Hearts (Triangular Trade Trilogy, #1)"
11,20.66,Shakespeare's Sonnets
12,17.46,Set Me Free
13,52.29,Scott Pilgrim's Precious Little Life (Scott Pilgrim #1)
14,35.02,Rip it Up and Start Again
15,57.25,"Our Band Could Be Your Life: Scenes from the American Indie Underground, 1981-1991"
16,23.88,Olio
17,37.59,Mesaerion: The Best Science Fiction Stories 1800-1849
18,51.33,Libertarianism for Beginners
19,45.17,It's Only the Himalayas
20,12.84,In Her Wake
21,37.32,How Music Works
22,30.52,"Foolproof Preserving: A Guide to Small Batch Jams, Jellies, Pickles, Condiments, and More: A Foolproof Guide to Making Small Batch Jams, Jellies, Pickles, Condiments, and More"
23,25.27,Chase Me (Paris Nights #2)
24,34.53,Black Dust
25,54.64,Birdsong: A Story in Pictures
26,22.50,America's Cradle of Quarterbacks: Western Pennsylvania's Football Factory from Johnny Unitas to Joe Montana
27,53.13,Aladdin and His Wonderful Lamp
28,40.30,Worlds Elsewhere: Journeys Around Shakespeare’s Globe
29,44.18,Wall and Piece
30,17.66,The Four Agreements: A Practical Guide to Personal Freedom
31,31.05,The Five Love Languages: How to Express Heartfelt Commitment to Your Mate
32,23.82,The Elephant Tree
33,36.89,The Bear and the Piano
34,15.94,Sophie's World
35,33.29,Penny Maybe
36,18.02,Maude (1883-1993):She Grew Up with the country
37,19.63,"In a Dark, Dark Wood"
38,52.22,Behind Closed Doors
39,33.63,You can't bury them all: Poems
40,57.31,Slow States of Collapse: Poems
41,26.41,Reasons to Stay Alive
42,47.61,Private Paris (Private #10)
43,23.11,#HigherSelfie: Wake Up Your Life. Free Your Soul. Find Your Tribe.
44,45.07,Without Borders (Wanderlove #1)
45,31.77,When We Collided
46,50.27,"We Love You, Charlie Freeman"
47,14.27,Untitled Collection: Sabbath Poems 2014
48,44.18,"Unseen City: The Majesty of Pigeons, the Discreet Charm of Snails & Other Wonders of the Urban Wilderness"
49,18.78,Unicorn Tracks
50,25.52,"Unbound: How Eight Technologies Made Us Human, Transformed Society, and Brought Our World to the Brink"
51,16.28,Tsubasa: WoRLD CHRoNiCLE 2 (Tsubasa WoRLD CHRoNiCLE #2)
52,31.12,Throwing Rocks at the Google Bus: How Growth Became the Enemy of Prosperity
53,19.49,This One Summer
54,17.27,Thirst
55,19.09,The Torch Is Passed: A Harding Family Story
56,56.13,The Secret of Dreadwillow Carse
57,56.41,"The Pioneer Woman Cooks: Dinnertime: Comfort Classics, Freezer Food, 16-Minute Meals, and Other Delicious Ways to Solve Supper!"
58,56.50,The Past Never Ends
59,45.22,The Natural History of Us (The Fine Art of Pretending #2)
60,38.16,The Nameless City (The Nameless City #1)
61,54.11,The Murder That Never Was (Forensic Instincts #5)
62,42.96,The Most Perfect Thing: Inside (and Outside) a Bird's Egg
63,23.89,"The Mindfulness and Acceptance Workbook for Anxiety: A Guide to Breaking Free from Anxiety, Phobias, and Worry Using Acceptance and Commitment Therapy"
64,16.77,The Life-Changing Magic of Tidying Up: The Japanese Art of Decluttering and Organizing
65,20.59,"The Inefficiency Assassin: Time Management Tactics for Working Smarter, Not Longer"
66,37.13,The Gutsy Girl: Escapades for Your Life of Epic Adventure
67,56.06,The Electric Pencil: Drawings from Inside State Hospital No. 3
68,58.11,The Death of Humanity: and the Case for Life
69,49.05,"The Bulletproof Diet: Lose up to a Pound a Day, Reclaim Energy and Focus, Upgrade Your Life"
70,40.76,The Art Forger
71,19.73,The Age of Genius: The Seventeenth Century and the Birth of the Modern Mind
72,32.24,The Activist's Tao Te Ching: Ancient Advice for a Modern Revolution
73,41.83,Spark Joy: An Illustrated Master Class on the Art of Organizing and Tidying Up
74,39.58,Soul Reader
75,39.25,Security
76,25.02,"Saga, Volume 6 (Saga (Collected Editions) #6)"
77,51.04,"Saga, Volume 5 (Saga (Collected Editions) #5)"
78,19.83,Reskilling America: Learning to Labor in the Twenty-First Century
79,50.40,"Rat Queens, Vol. 3: Demons (Rat Queens (Collected Editions) #11-15)"
80,13.61,"Princess Jellyfish 2-in-1 Omnibus, Vol. 01 (Princess Jellyfish 2-in-1 Omnibus #1)"
81,13.34,Princess Between Worlds (Wide-Awake Princess #5)
82,18.97,"Pop Gun War, Volume 1: Gift"
83,36.28,"Political Suicide: Missteps, Peccadilloes, Bad Calls, Backroom Hijinx, Sordid Pasts, Rotten Breaks, and Just Plain Dumb Mistakes in the Annals of American Politics"
84,10.16,Patience
85,15.44,"Outcast, Vol. 1: A Darkness Surrounds Him (Outcast #1)"
86,48.41,orange: The Complete Collection 1 (orange: The Complete Collection #1)
87,46.35,Online Marketing for Busy Authors: A Step-By-Step Guide
88,14.07,On a Midnight Clear
89,14.86,Obsidian (Lux #1)
90,33.37,My Paris Kitchen: Recipes and Stories
91,56.40,Masks and Shadows
92,14.02,"Mama Tried: Traditional Italian Cooking for the Screwed, Crude, Vegan, and Tattooed"
93,46.91,"Lumberjanes, Vol. 2: Friendship to the Max (Lumberjanes #5-8)"
94,45.61,"Lumberjanes, Vol. 1: Beware the Kitten Holy (Lumberjanes #1-4)"
95,19.92,Lumberjanes Vol. 3: A Terrible Plan (Lumberjanes #9-12)
96,40.11,"Layered: Baking, Building, and Styling Spectacular Cakes"
97,53.90,Judo: Seven Steps to Black Belt (an Introductory Guide for Beginners)
98,35.67,Join
99,22.00,In the Country We Love: My Family Divided
100,57.36,Immunity: How Elie Metchnikoff Changed the Course of Modern Medicine
101,29.17,"I Hate Fairyland, Vol. 1: Madly Ever After (I Hate Fairyland (Compilations) #1-5)"
102,54.63,I am a Hero Omnibus Volume 1
103,46.03,How to Be Miserable: 40 Strategies You Already Use
104,33.97,Her Backup Boyfriend (The Sorensen Family #1)
105,22.11,"Giant Days, Vol. 2 (Giant Days #5-8)"
106,29.69,Forever and Forever: The Courtship of Henry Longfellow and Fanny Appleton
107,15.97,First and First (Five Boroughs #3)
108,21.96,Fifty Shades Darker (Fifty Shades #2)
109,54.35,Everydata: The Misinformation Hidden in the Little Data You Consume Every Day
110,37.97,"Don't Be a Jerk: And Other Practical Advice from Dogen, Japan's Greatest Zen Master"
111,51.99,Danganronpa Volume 1
112,43.29,Crown of Midnight (Throne of Glass #2)
113,36.72,"Codename Baboushka, Volume 1: The Conclave of Death"
114,17.08,Camp Midnight
115,29.14,Call the Nurse: True Stories of a Country Nurse on a Scottish Isle
116,28.81,Burning
117,49.46,Bossypants
118,37.92,"Bitch Planet, Vol. 1: Extraordinary Machine (Bitch Planet (Collected Editions))"
119,28.09,"Avatar: The Last Airbender: Smoke and Shadow, Part 3 (Smoke and Shadow #3)"
120,30.81,Algorithms to Live By: The Computer Science of Human Decisions
121,42.95,A World of Flavor: Your Gluten Free Passport
122,56.76,"A Piece of Sky, a Grain of Rice: A Memoir in Four Meditations"
123,16.64,A Murder in Time
124,55.53,A Flight of Arrows (The Pathfinders #2)
125,28.13,A Fierce and Subtle Poison
126,52.37,A Court of Thorns and Roses (A Court of Thorns and Roses #1)
127,54.00,(Un)Qualified: How God Uses Broken People to Do Big Things
128,21.87,You Are What You Love: The Spiritual Power of Habit
129,43.30,"William Shakespeare's Star Wars: Verily, A New Hope (William Shakespeare's Star Wars #4)"
130,21.04,Tuesday Nights in 1980
131,41.60,Tracing Numbers on a Train
132,35.07,Throne of Glass (Throne of Glass #1)
133,59.64,Thomas Jefferson and the Tripoli Pirates: The Forgotten War That Changed American History
134,52.72,Thirteen Reasons Why
135,58.08,The White Cat and the Monk: A Retelling of the Poem “Pangur Bán”
136,24.12,The Wedding Dress
137,42.15,The Vacationers
138,12.61,The Third Wave: An Entrepreneur’s Vision of the Future
139,17.44,The Stranger
140,33.14,The Shadow Hero (The Shadow Hero)
141,27.37,The Secret (The Secret #1)
142,51.36,The Regional Office Is Under Attack!
143,36.00,The Psychopath Test: A Journey Through the Madness Industry
144,10.65,The Project
145,43.54,The Power of Now: A Guide to Spiritual Enlightenment
146,38.21,The Omnivore's Dilemma: A Natural History of Four Meals
147,37.34,The Nerdy Nummies Cookbook: Sweet Treats for the Geek in All of Us
148,44.10,The Murder of Roger Ackroyd (Hercule Poirot #4)
149,43.29,The Mistake (Off-Campus #2)
150,55.85,The Matchmaker's Playbook (Wingmen Inc. #1)
151,37.60,The Love and Lemons Cookbook: An Apple-to-Zucchini Celebration of Impromptu Cooking
152,10.97,The Long Shadow of Small Ghosts: Murder and Memory in an American City
153,41.82,The Kite Runner
154,36.95,The House by the Lake
155,44.28,The Glittering Court (The Glittering Court #1)
156,55.02,The Girl on the Train
157,17.24,The Genius of Birds
158,23.15,The Emerald Mystery
159,41.25,The Cookies & Cups Cookbook: 125+ sweet & savory recipes reminding you to Always Eat Dessert First
160,32.00,The Bridge to Consciousness: I'm Writing the Bridge Between Science and Our Old and New Beliefs.
161,38.49,The Artist's Way: A Spiritual Path to Higher Creativity
162,33.34,The Art of War
163,10.93,The Argonauts
164,27.55,The 10% Entrepreneur: Live Your Startup Dream Without Quitting Your Day Job
165,55.99,Suddenly in Love (Lake Haven #1)
166,16.24,Something More Than This
167,26.12,Soft Apocalypse
168,12.23,So You've Been Publicly Shamed
169,23.99,Shoe Dog: A Memoir by the Creator of NIKE
170,29.06,"Shobu Samurai, Project Aryoku (#3)"
171,20.27,Secrets and Lace (Fatal Hearts #1)
172,43.55,Scarlett Epstein Hates It Here
173,36.94,Romero and Juliet: A Tragic Tale of Love and Zombies
174,20.47,Redeeming Love
175,41.06,Poses for Artists Volume 1 - Dynamic and Sitting Poses: An Essential Reference for Figure Drawing and the Human Form
176,14.19,Poems That Make Grown Women Cry
177,38.28,"Nightingale, Sing"
178,41.05,Night Sky with Exit Wounds
179,30.25,Mrs. Houdini
180,28.26,Modern Romance
181,10.76,Miss Peregrine’s Home for Peculiar Children (Miss Peregrine’s Peculiar Children #1)
182,16.85,Louisa: The Extraordinary Life of Mrs. Adams
183,13.47,Little Red
184,48.56,Library of Souls (Miss Peregrine’s Peculiar Children #3)
185,19.15,Large Print Heart of the Pride
186,57.36,I Had a Nice Time And Other Lies...: How to find love & sh*t like that
187,42.98,Hollow City (Miss Peregrine’s Peculiar Children #2)
188,22.16,Grumbles
189,49.43,Full Moon over Noah’s Ark: An Odyssey to Mount Ararat and Beyond
190,29.99,Frostbite (Vampire Academy #2)
191,21.36,Follow You Home
192,29.00,First Steps for New Christians (Print Edition)
193,53.53,Finders Keepers (Bill Hodges Trilogy #2)
194,41.62,"Fables, Vol. 1: Legends in Exile (Fables #1)"
195,54.59,Eureka Trivia 6.0
196,34.95,Drive: The Surprising Truth About What Motivates Us
197,37.72,Done Rubbed Out (Reightman & Bailey #1)
198,35.61,Doing It Over (Most Likely To #1)
199,42.16,"Deliciously Ella Every Day: Quick and Easy Recipes for Gluten-Free Snacks, Packed Lunches, and Simple Meals"
200,19.19,Dark Notes
201,19.43,"Daring Greatly: How the Courage to Be Vulnerable Transforms the Way We Live, Love, Parent, and Lead"
202,49.46,Close to You
203,37.80,Chasing Heaven: What Dying Taught Me About Living
204,30.80,Big Magic: Creative Living Beyond Fear
205,27.43,Becoming Wise: An Inquiry into the Mystery and Art of Living
206,11.11,Beauty Restored (Riley Family Legacy Novellas #3)
207,36.50,Batman: The Long Halloween (Batman)
208,15.38,Batman: The Dark Knight Returns (Batman)
209,15.48,Ayumi's Violin
210,46.82,Anonymous
211,18.46,Amy Meets the Saints and Sages
212,36.58,Amid the Chaos
213,50.54,Amatus
214,12.51,Agnostic: A Spirited Manifesto
215,24.70,Zealot: The Life and Times of Jesus of Nazareth
216,43.61,You (You #1)
217,37.34,"Wonder Woman: Earth One, Volume One (Wonder Woman: Earth One #1)"
218,14.36,Wild Swans
219,52.65,Why the Right Went Wrong: Conservatism--From Goldwater to the Tea Party and Beyond
220,38.20,Whole Lotta Creativity Going On: 60 Fun and Unusual Exercises to Awaken and Strengthen Your Creativity
221,19.60,What's It Like in Space?: Stories from Astronauts Who've Been There
222,53.90,"We Are Robin, Vol. 1: The Vigilante Business (We Are Robin #1)"
223,12.96,Walt Disney's Alice in Wonderland
224,37.10,V for Vendetta (V for Vendetta Complete)
225,46.31,Until Friday Night (The Field Party #1)
226,45.95,"Unbroken: A World War II Story of Survival, Resilience, and Redemption"
227,22.08,Twenty Yawns
228,25.38,Through the Woods
229,27.12,This Is Where It Ends
230,43.04,The Year of Magical Thinking
231,56.80,The Wright Brothers
232,25.91,The White Queen (The Cousins' War #1)
233,32.61,The Wedding Pact (The O'Malleys #2)
234,27.88,The Time Keeper
235,52.67,The Testament of Mary
236,46.02,The Star-Touched Queen
237,44.48,The Songs of the Gods
238,37.40,The Song of Achilles
239,54.04,The Rosie Project (Don Tillman #1)
240,16.88,The Power of Habit: Why We Do What We Do in Life and Business
241,28.08,The Marriage of Opposites
242,10.40,The Lucifer Effect: Understanding How Good People Turn Evil
243,44.07,The Long Haul (Diary of a Wimpy Kid #9)
244,23.40,The Loney
245,17.43,The Literature Book (Big Ideas Simply Explained)
246,54.21,The Last Mile (Amos Decker #2)
247,40.67,The Immortal Life of Henrietta Lacks
248,52.26,The Hidden Oracle (The Trials of Apollo #1)
249,28.77,The Help Yourself Cookbook for Kids: 60 Easy Plant-Based Recipes Kids Can Make to Stay Healthy and Save the Earth
250,13.82,The Guilty (Will Robie #4)
251,25.85,The First Hostage (J.B. Collins #2)
252,48.78,The Dovekeepers
253,35.35,The Darkest Lie
254,44.73,The Bane Chronicles (The Bane Chronicles #1-11)
255,15.77,The Bad-Ass Librarians of Timbuktu: And Their Race to Save the World’s Most Precious Manuscripts
256,39.24,The 14th Colony (Cotton Malone #11)
257,13.92,That Darkness (Gardiner and Renner #1)
258,10.69,Tastes Like Fear (DI Marnie Rome #3)
259,45.21,Take Me with You
260,45.58,Swell: A Year of Waves
261,11.89,Superman Vol. 1: Before Truth (Superman by Gene Luen Yang #1)
262,26.41,Still Life with Bread Crumbs
263,39.50,Steve Jobs
264,44.74,Sorting the Beef from the Bull: The Science of Food Fraud Forensics
265,52.79,Someone Like You (The Harrisons #2)
266,35.43,"So Cute It Hurts!!, Vol. 6 (So Cute It Hurts!! #6)"
267,55.84,Shtum
268,48.87,See America: A Celebration of Our National Parks & Treasured Sites
269,46.78,salt.
270,47.82,Robin War
271,25.48,"Red Hood/Arsenal, Vol. 1: Open for Business (Red Hood/Arsenal #1)"
272,23.57,Rain Fish
273,50.89,"Quarter Life Poetry: Poems for the Young, Broke and Hangry"
274,10.56,Pet Sematary
275,52.15,"Overload: How to Unplug, Unwind, and Unleash Yourself from the Pressure of Stress"
276,18.28,Once Was a Time
277,11.83,Old School (Diary of a Wimpy Kid #10)
278,21.95,No Dream Is Too High: Life Lessons From a Man Who Walked on the Moon
279,38.39,"Naruto (3-in-1 Edition), Vol. 14: Includes Vols. 40, 41 & 42 (Naruto: Omnibus #14)"
280,41.56,My Name Is Lucy Barton
281,24.48,My Mrs. Brown
282,40.36,My Kind of Crazy
283,28.90,Mr. Mercedes (Bill Hodges Trilogy #1)
284,37.61,More Than Music (Chasing the Dream #1)
285,38.85,Made to Stick: Why Some Ideas Survive and Others Die
286,53.95,Luis Paints the World
287,49.83,Luckiest Girl Alive
288,51.51,Lowriders to the Center of the Earth (Lowriders in Space #2)
289,18.03,Love Is a Mix Tape (Music #1)
290,29.14,Looking for Lovely: Collecting the Moments that Matter
291,46.91,"Living Leadership by Insight: A Good Leader Achieves, a Great Leader Builds Monuments"
292,26.79,Let It Out: A Journey Through Journaling
293,16.28,Lady Midnight (The Dark Artifices #1)
294,19.55,"It's All Easy: Healthy, Delicious Weeknight Meals in under 30 Minutes"
295,29.65,Island of Dragons (Unwanteds #7)
296,25.98,I Know What I'm Doing -- and Other Lies I Tell Myself: Dispatches from a Life Under Construction
297,10.60,I Am Pilgrim (Pilgrim #1)
298,14.75,"Hyperbole and a Half: Unfortunate Situations, Flawed Coping Mechanisms, Mayhem, and Other Things That Happened"
299,47.02,"Hush, Hush (Hush, Hush #1)"
300,28.82,Hold Your Breath (Search and Rescue #1)
301,58.79,Hamilton: The Revolution
302,10.23,Greek Mythic History
303,30.03,God: The Most Unpleasant Character in All Fiction
304,45.84,Glory over Everything: Beyond The Kitchen House
305,49.05,Feathers: Displays of Brilliant Plumage
306,15.06,"Far & Away: Places on the Brink of Change: Seven Continents, Twenty-Five Years"
307,46.47,Every Last Word
308,27.09,Eligible (The Austen Project #4)
309,57.62,El Deafo
310,14.39,Eight Hundred Grapes
311,51.75,"Eaternity: More than 150 Deliciously Easy Vegan Recipes for a Long, Healthy, Satisfied, Joyful Life"
312,54.07,"Eat Fat, Get Thin"
313,55.35,Don't Get Caught
314,40.12,Doctor Sleep (The Shining #2)
315,37.51,Demigods & Magicians: Percy and Annabeth Meet the Kanes (Percy Jackson & Kane Chronicles Crossover #1-3)
316,11.21,Dear Mr. Knightley
317,36.58,Daily Fantasy Sports
318,47.72,Crazy Love: Overwhelmed by a Relentless God
319,25.01,Cometh the Hour (The Clifton Chronicles #6)
320,22.13,Code Name Verity (Code Name Verity #1)
321,44.14,Clockwork Angel (The Infernal Devices #1)
322,56.02,City of Glass (The Mortal Instruments #3)
323,11.23,City of Fallen Angels (The Mortal Instruments #4)
324,43.28,City of Bones (The Mortal Instruments #1)
325,47.27,City of Ashes (The Mortal Instruments #2)
326,20.29,Cell
327,50.83,Catching Jordan (Hundred Oaks)
328,31.85,"Carry On, Warrior: Thoughts on Life Unarmed"
329,46.23,Carrie
330,37.80,Buying In: The Secret Dialogue Between What We Buy and Who We Are
331,49.32,Brain on Fire: My Month of Madness
332,32.01,Batman: Europa
333,28.01,Barefoot Contessa Back to Basics
334,50.62,Barefoot Contessa at Home: Everyday Recipes You'll Make Over and Over Again
335,17.03,Balloon Animals
336,48.80,Art Ops Vol. 1
337,58.14,Aristotle and Dante Discover the Secrets of the Universe (Aristotle and Dante Discover the Secrets of the Universe #1)
338,34.20,Angels Walking (Angels Walking #1)
339,51.48,Angels & Demons (Robert Langdon #1)
340,29.87,All the Light We Cannot See
341,10.90,"Adulthood Is a Myth: A ""Sarah's Scribbles"" Collection"
342,56.37,Abstract City
343,48.35,A Time of Torment (Charlie Parker #14)
344,16.73,A Study in Scarlet (Sherlock Holmes #1)
345,56.48,"A Series of Catastrophes and Miracles: A True Story of Love, Science, and Cancer"
346,40.79,A People's History of the United States
347,39.72,A Man Called Ove
348,14.58,A Distant Mirror: The Calamitous 14th Century
349,55.51,A Brush of Wings (Angels Walking #3)
350,21.80,1491: New Revelations of the Americas Before Columbus
351,13.33,"The Three Searches, Meaning, and the Story"
352,38.73,Searching for Meaning in Gailana
353,37.86,Rook
354,11.53,My Kitchen Year: 136 Recipes That Saved My Life
355,27.06,13 Hours: The Inside Account of What Really Happened In Benghazi
356,13.86,Will You Won't You Want Me?
357,37.55,Tipping Point for Planet Earth: How Close Are We to the Edge?
358,32.30,The Star-Touched Queen
359,46.29,The Silent Sister (Riley MacPherson #1)
360,26.20,The Midnight Watch: A Novel of the Titanic and the Californian
361,33.26,The Lonely City: Adventures in the Art of Being Alone
362,59.15,The Gray Rhino: How to Recognize and Act on the Obvious Dangers We Ignore
363,39.43,The Golden Condom: And Other Essays on Love Lost and Found
364,14.44,The Epidemic (The Program 0.6)
365,56.54,The Dinner Party
366,59.90,The Diary of a Young Girl
367,11.88,The Children
368,48.05,Stars Above (The Lunar Chronicles #4.5)
369,21.21,Snatched: How A Drug Queen Went Undercover for the DEA and Was Kidnapped By Colombian Guerillas
370,49.67,Raspberry Pi Electronics Projects for the Evil Genius
371,43.14,Quench Your Own Thirst: Business Lessons Learned Over a Beer or Two
372,36.97,Psycho: Sanitarium (Psycho #1.5)
373,26.80,Poisonous (Max Revere Novels #3)
374,15.71,One with You (Crossfire #5)
375,54.65,No Love Allowed (Dodge Cove #1)
376,54.36,Murder at the 42nd Street Library (Raymond Ambler #1)
377,35.28,Most Wanted
378,20.55,"Love, Lies and Spies"
379,58.32,How to Speak Golf: An Illustrated Guide to Links Lingo
380,11.84,Hide Away (Eve Duncan #20)
381,41.46,Furiously Happy: A Funny Book About Horrible Things
382,20.10,Everyday Italian: 125 Simple and Delicious Recipes
383,56.86,Equal Is Unfair: America's Misguided Fight Against Income Inequality
384,56.51,Eleanor & Park
385,40.83,Dirty (Dive Bar #1)
386,48.64,Can You Keep a Secret? (Fear Street Relaunch #4)
387,59.48,Boar Island (Anna Pigeon #19)
388,39.01,A Paris Apartment
389,38.77,"A la Mode: 120 Recipes in 60 Pairings: Pies, Tarts, Cakes, Crisps, and More Topped with Ice Cream, Gelato, Frozen Custard, and More"
390,48.39,Troublemaker: Surviving Hollywood and Scientology
391,27.26,The Widow
392,11.68,"The Sleep Revolution: Transforming Your Life, One Night at a Time"
393,59.45,The Improbability of Love
394,21.00,The Art of Startup Fundraising
395,53.98,Take Me Home Tonight (Rock Star Romance #3)
396,48.74,Sleeping Giants (Themis Files #1)
397,21.15,"Setting the World on Fire: The Brief, Astonishing Life of St. Catherine of Siena"
398,13.71,Playing with Fire
399,47.67,Off the Hook (Fishing for Trouble #1)
400,13.34,Mothering Sunday
401,16.89,"Mother, Can You Not?"
402,27.18,M Train
403,17.28,Lilac Girls
404,45.14,Lies and Other Acts of Love
405,40.85,Lab Girl
406,20.46,Keep Me Posted
407,56.27,It Didn't Start with You: How Inherited Family Trauma Shapes Who We Are and How to End the Cycle
408,48.49,Grey (Fifty Shades #4)
409,51.34,"Exit, Pursued by a Bear"
410,16.34,Daredevils
411,20.50,Cravings: Recipes for What You Want to Eat
412,21.59,Born for This: How to Find the Work You Were Meant to Do
413,21.36,Arena
414,20.88,Adultery
415,19.53,A Mother's Reckoning: Living in the Aftermath of Tragedy
416,14.75,A Gentleman's Position (Society of Gentlemen #3)
417,48.48,11/22/63
418,24.57,"10% Happier: How I Tamed the Voice in My Head, Reduced Stress Without Losing My Edge, and Found Self-Help That Actually Works"
419,49.71,10-Day Green Smoothie Cleanse: Lose Up to 15 Pounds in 10 Days!
420,48.27,Without Shame
421,58.05,Watchmen
422,58.87,Unlimited Intuition Now
423,11.82,Underlying Notes
424,28.03,The Shack
425,44.05,The New Brand You: Your New Image Makes the Sale for You
426,12.34,"The Moosewood Cookbook: Recipes from Moosewood Restaurant, Ithaca, New York"
427,16.68,The Flowers Lied
428,55.91,"The Fabric of the Cosmos: Space, Time, and the Texture of Reality"
429,24.57,The Book of Mormon
430,52.98,The Art and Science of Low Carbohydrate Living
431,54.40,The Alien Club
432,54.81,Suzie Snowflake: One beautiful flake (a self-esteem story)
433,25.08,Nap-a-Roo
434,10.41,"NaNo What Now? Finding your editing process, revising your NaNoWriMo book and building a writing career through publishing and beyond"
435,47.44,Modern Day Fables
436,20.91,If I Gave You God's Phone Number....: Searching for Spirituality in America
437,33.95,"Fruits Basket, Vol. 9 (Fruits Basket #9)"
438,43.68,Dress Your Family in Corduroy and Denim
439,33.23,Don't Forget Steven
440,35.92,Chernobyl 01:23:40: The Incredible True Story of the World's Worst Nuclear Disaster
441,48.63,Art and Fear: Observations on the Perils (and Rewards) of Artmaking
442,56.63,A Shard of Ice (The Black Symphony Saga #1)
443,50.49,A Hero's Curse (The Unseen Chronicles #1)
444,35.79,23 Degrees South: A Tropical Tale of Changing Whether...
445,34.06,"Zero to One: Notes on Startups, or How to Build the Future"
446,17.76,Why Not Me?
447,39.36,When Breath Becomes Air
448,36.94,Vagabonding: An Uncommon Guide to the Art of Long-Term World Travel
449,43.62,The Unlikely Pilgrimage of Harold Fry (Harold Fry #1)
450,43.02,The New Drawing on the Right Side of the Brain
451,28.45,"The Midnight Assassin: Panic, Scandal, and the Hunt for America's First Serial Killer"
452,41.39,The Martian (The Martian #1)
453,51.15,The High Mountains of Portugal
454,35.88,The Grownup
455,36.91,The E-Myth Revisited: Why Most Small Businesses Don't Work and What to Do About It
456,28.93,South of Sunshine
457,38.89,Smarter Faster Better: The Secrets of Being Productive in Life and Business
458,58.33,Silence in the Dark (Logan Point #4)
459,39.67,Shadows of the Past (Logan Point #1)
460,14.10,Roller Girl
461,21.82,Rising Strong
462,54.21,Proofs of God: Classical Arguments from Tertullian to Barth
463,31.19,Please Kill Me: The Uncensored Oral History of Punk
464,53.64,Out of Print: City Lights Spotlight No. 14
465,36.39,My Life Next Door (My Life Next Door )
466,58.54,Miller's Valley
467,29.48,Man's Search for Meaning
468,25.06,"Love That Boy: What Two Presidents, Eight Road Trips, and My Son Taught Me About a Parent's Expectations"
469,12.55,Living Forward: A Proven Plan to Stop Drifting and Get the Life You Want
470,29.04,Les Fleurs du Mal
471,40.72,Left Behind (Left Behind #1)
472,45.05,Kill 'Em and Leave: Searching for James Brown and the American Soul
473,47.13,Kierkegaard: A Christian Missionary to Christians
474,20.22,John Vassos: Industrial Design for Modern Life
475,56.48,I'll Give You the Sun
476,44.21,I Will Find You
477,21.96,Hystopia: A Novel
478,40.45,Howl and Other Poems
479,10.29,History of Beauty
480,52.86,Heaven is for Real: A Little Boy's Astounding Story of His Trip to Heaven and Back
481,55.65,Future Shock (Future Shock #1)
482,43.64,Ender's Game (The Ender Quintet #1)
483,28.41,Diary of a Citizen Scientist: Chasing Tiger Beetles and Other New Ways of Engaging the World
484,37.51,Death by Leisure: A Cautionary Tale
485,11.45,Brilliant Beacons: A History of the American Lighthouse
486,19.22,Brazen: The Courage to Find the You That's Been Hiding
487,56.91,Between the World and Me
488,55.06,Being Mortal: Medicine and What Matters in the End
489,13.20,"A Murder Over a Girl: Justice, Gender, Junior High"
490,53.63,32 Yolks
491,44.48,"""Most Blessed of the Patriarchs"": Thomas Jefferson and the Empire of the Imagination"
492,12.08,You Are a Badass: How to Stop Doubting Your Greatness and Start Living an Awesome Life
493,22.14,Wildlife of New York: A Five-Borough Coloring Book
494,25.37,What Happened on Beale Street (Secrets of the South Mysteries #2)
495,46.33,Unreasonable Hope: Finding Faith in the God Who Brings Purpose to Your Pain
496,37.33,Under the Tuscan Sun
497,25.55,Toddlers Are A**holes: It's Not Your Fault
498,34.72,The Year of Living Biblically: One Man's Humble Quest to Follow the Bible as Literally as Possible
499,35.96,The Whale
500,41.14,The Story of Art
501,10.01,The Origin of Species
502,36.05,The Great Gatsby
503,49.03,The Good Girl
504,16.24,The Glass Castle
505,39.55,The Faith of Christopher Hitchens: The Restless Soul of the World's Most Notorious Atheist
506,35.67,The Drowning Girls
507,16.62,The Constant Princess (The Tudor Court #1)
508,42.78,The Bourne Identity (Jason Bourne #1)
509,52.30,The Bachelor Girl's Guide to Murder (Herringford and Watts Mysteries #1)
510,32.34,The Art Book
511,33.17,The 7 Habits of Highly Effective People: Powerful Lessons in Personal Change
512,20.12,Team of Rivals: The Political Genius of Abraham Lincoln
513,20.90,Steal Like an Artist: 10 Things Nobody Told You About Being Creative
514,20.90,"Sit, Stay, Love"
515,40.20,Sister Dear
516,52.87,"Shrunken Treasures: Literary Classics, Short, Sweet, and Silly"
517,51.74,"Rich Dad, Poor Dad"
518,34.41,Raymie Nightingale
519,32.38,Playing from the Heart
520,50.35,Nightstruck: A Novel
521,11.38,"Naturally Lean: 125 Nourishing Gluten-Free, Plant-Based Recipes--All Under 300 Calories"
522,43.58,Meternity
523,49.67,Memoirs of a Geisha
524,28.77,Like Never Before (Walker Family #2)
525,13.22,Life of Pi
526,51.17,Leave This Song Behind: Teen Poetry at Its Best
527,39.61,King's Folly (The Kinsman Chronicles #1)
528,57.43,John Adams
529,46.01,How to Cook Everything Vegetarian: Simple Meatless Recipes for Great Food (How to Cook Everything)
530,28.25,How to Be a Domestic Goddess: Baking and the Art of Comfort Cooking
531,37.05,Good in Bed (Cannie Shapiro #1)
532,19.57,"Fruits Basket, Vol. 7 (Fruits Basket #7)"
533,45.13,For the Love: Fighting for Grace in a World of Impossible Standards
534,46.64,Finding God in the Ruins: How God Redeems Pain
535,12.16,Every Heart a Doorway (Every Heart A Doorway #1)
536,20.89,Delivering the Truth (Quaker Midwife Mystery #1)
537,17.97,Counted With the Stars (Out from Egypt #1)
538,52.60,"Chronicles, Vol. 1"
539,25.77,Blue Like Jazz: Nonreligious Thoughts on Christian Spirituality
540,48.19,Benjamin Franklin: An American Life
541,29.93,"At The Existentialist Café: Freedom, Being, and apricot cocktails with: Jean-Paul Sartre, Simone de Beauvoir, Albert Camus, Martin Heidegger, Edmund Husserl, Karl Jaspers, Maurice Merleau-Ponty and others"
542,44.34,A Summer In Europe
543,52.40,A Short History of Nearly Everything
544,44.81,A Gathering of Shadows (Shades of Magic #2)
545,57.84,The Sound Of Love
546,39.67,The Rise and Fall of the Third Reich: A History of Nazi Germany
547,55.02,The Perks of Being a Wallflower
548,24.80,The Mysterious Affair at Styles (Hercule Poirot #1)
549,59.45,The Man Who Mistook His Wife for a Hat and Other Clinical Tales
550,31.58,The Makings of a Fatherless Child
551,43.27,The Joy of Cooking
552,37.34,The Invention of Wings
553,17.80,The Hobbit (Middle-Earth Universe)
554,30.54,The Great Railway Bazaar
555,18.77,The Golden Compass (His Dark Materials #1)
556,46.85,The God Delusion
557,15.79,The Girl You Left Behind (The Girl You Left Behind #1)
558,10.27,The Fellowship of the Ring (The Lord of the Rings #1)
559,15.42,The Collected Poems of W.B. Yeats (The Collected Works of W.B. Yeats #1)
560,59.92,The Barefoot Contessa Cookbook
561,50.96,Tell the Wolves I'm Home
562,30.60,Ship Leaves Harbor: Essays on Travel by a Recovering Journeyman
563,19.27,Pride and Prejudice
564,46.58,Musicophilia: Tales of Music and the Brain
565,48.51,Mere Christianity
566,19.02,Me Before You (Me Before You #1)
567,38.38,In the Woods (Dublin Murder Squad #1)
568,49.98,In Cold Blood
569,46.49,How to Stop Worrying and Start Living
570,18.32,Give It Back
571,42.14,"Girl, Interrupted"
572,56.59,Fun Home: A Family Tragicomic
573,20.96,"Fruits Basket, Vol. 6 (Fruits Basket #6)"
574,40.32,Deception Point
575,36.39,"Death Note, Vol. 6: Give-and-Take (Death Note #6)"
576,58.55,Catherine the Great: Portrait of a Woman
577,39.61,Better Homes and Gardens New Cook Book
578,21.30,An Unquiet Mind: A Memoir of Moods and Madness
579,56.88,A Year in Provence (Provence #1)
580,32.97,World Without End (The Pillars of the Earth #2)
581,47.31,"Will Grayson, Will Grayson (Will Grayson, Will Grayson)"
582,48.67,Why Save the Bankers?: And Other Essays on Our Economic and Political Crisis
583,41.73,Where She Went (If I Stay #2)
584,53.68,What If?: Serious Scientific Answers to Absurd Hypothetical Questions
585,14.64,Two Summers
586,38.40,This Is Your Brain on Music: The Science of a Human Obsession
587,15.08,The Secret Garden
588,30.57,The Raven King (The Raven Cycle #4)
589,57.74,The Raven Boys (The Raven Cycle #1)
590,11.05,The Power Greens Cookbook: 140 Delicious Superfood Recipes
591,28.58,The Metamorphosis
592,42.91,The Mathews Men: Seven Brothers and the War Against Hitler's U-boats
593,24.73,The Little Paris Bookshop
594,55.91,The Hiding Place
595,13.76,The Grand Design
596,45.56,The Firm
597,47.22,The Fault in Our Stars
598,56.00,The False Prince (The Ascendance Trilogy #1)
599,44.58,The Expatriates
600,34.50,The Dream Thieves (The Raven Cycle #2)
601,11.33,The Darkest Corners
602,38.77,The Crossover
603,11.83,The 5th Wave (The 5th Wave #1)
604,45.51,Tell the Wind and Fire
605,41.81,Tell Me Three Things
606,25.15,Talking to Girls About Duran Duran: One Young Man's Quest for True Love and a Cooler Haircut
607,34.22,Siddhartha
608,16.23,Shiver (The Wolves of Mercy Falls #1)
609,11.48,Remember Me?
610,23.37,Red Dragon (Hannibal Lecter #1)
611,16.28,Peak: Secrets from the New Science of Expertise
612,31.63,My Mother Was Nuts
613,24.91,Mexican Today: New and Rediscovered Recipes for Contemporary Kitchens
614,22.54,Maybe Something Beautiful: How Art Transformed a Neighborhood
615,23.63,Lola and the Boy Next Door (Anna and the French Kiss #2)
616,13.12,Logan Kade (Fallen Crest High #5.5)
617,59.98,Last One Home (New Beginnings #1)
618,31.49,Killing Floor (Jack Reacher #1)
619,15.52,Kill the Boy Band
620,48.13,Isla and the Happily Ever After (Anna and the French Kiss #3)
621,38.13,If I Stay (If I Stay #1)
622,36.55,I Know Why the Caged Bird Sings (Maya Angelou's Autobiography #1)
623,23.32,Harry Potter and the Deathly Hallows (Harry Potter #7)
624,16.33,"Fruits Basket, Vol. 5 (Fruits Basket #5)"
625,32.42,Foundation (Foundation (Publication Order) #1)
626,16.96,Fool Me Once
627,22.37,Find Her (Detective D.D. Warren #8)
628,42.27,Evicted: Poverty and Profit in the American City
629,38.70,Drama
630,35.63,Dracula the Un-Dead
631,58.00,Digital Fortress
632,52.41,"Death Note, Vol. 5: Whiteout (Death Note #5)"
633,32.35,"Data, A Love Story: How I Gamed Online Dating to Meet My Match"
634,20.75,Critique of Pure Reason
635,17.49,Booked
636,34.13,"Blue Lily, Lily Blue (The Raven Cycle #3)"
637,58.81,Approval Junkie: Adventures in Caring Too Much
638,10.00,An Abundance of Katherines
639,51.22,America's War for the Greater Middle East: A Military History
640,58.59,Alight (The Generations Trilogy #2)
641,31.30,A Girl's Guide to Moving On (New Beginnings #2)
642,46.42,A Game of Thrones (A Song of Ice and Fire #1)
643,17.21,A Feast for Crows (A Song of Ice and Fire #4)
644,10.79,A Clash of Kings (A Song of Ice and Fire #2)
645,52.35,Vogue Colors A to Z: A Fashion Coloring Book
646,27.88,The Shining (The Shining #1)
647,50.26,The Pilgrim's Progress
648,59.99,The Perfect Play (Play by Play #1)
649,28.32,The Passion of Dolssa
650,38.71,The Jazz of Physics: The Secret Link Between Music and the Structure of the Universe
651,29.85,The Hunger Games (The Hunger Games #1)
652,14.82,The Hound of the Baskervilles (Sherlock Holmes #5)
653,16.81,The Gunning of America: Business and the Making of American Gun Culture
654,28.23,The Geography of Bliss: One Grump's Search for the Happiest Places in the World
655,52.11,The Demonists (Demonist #1)
656,27.88,"The Demon Prince of Momochi House, Vol. 4 (The Demon Prince of Momochi House #4)"
657,59.71,The Bone Hunters (Lexy Vaughan & Steven Macaulay #2)
658,46.08,The Beast (Black Dagger Brotherhood #14)
659,13.73,Some Women
660,48.39,Shopaholic Ties the Knot (Shopaholic #3)
661,49.45,Paper and Fire (The Great Library #2)
662,19.67,Outlander (Outlander #1)
663,12.36,"Orchestra of Exiles: The Story of Bronislaw Huberman, the Israel Philharmonic, and the One Thousand Jews He Saved from Nazi Horrors"
664,20.02,No One Here Gets Out Alive
665,12.75,Night Shift (Night Shift #1-20)
666,47.51,Needful Things
667,20.44,Mockingjay (The Hunger Games #3)
668,34.79,Misery
669,28.07,Little Women (Little Women #1)
670,25.01,It
671,13.90,Harry Potter and the Sorcerer's Stone (Harry Potter #1)
672,24.17,Harry Potter and the Prisoner of Azkaban (Harry Potter #3)
673,31.63,Harry Potter and the Order of the Phoenix (Harry Potter #5)
674,48.75,Harry Potter and the Half-Blood Prince (Harry Potter #6)
675,14.74,Harry Potter and the Chamber of Secrets (Harry Potter #2)
676,32.49,Gone with the Wind
677,27.80,God Is Not Great: How Religion Poisons Everything
678,26.77,Girl With a Pearl Earring
679,50.44,"Fruits Basket, Vol. 4 (Fruits Basket #4)"
680,34.93,Far From True (Promise Falls Trilogy #2)
681,12.87,Dark Lover (Black Dagger Brotherhood #1)
682,48.94,Confessions of a Shopaholic (Shopaholic #1)
683,13.38,Changing the Game (Play by Play #2)
684,58.63,Candide
685,21.94,Can You Keep a Secret?
686,26.58,Atlas Shrugged
687,57.22,Animal Farm
688,56.43,A Walk to Remember
689,55.65,A New Earth: Awakening to Your Life's Purpose
690,27.62,"A History of God: The 4,000-Year Quest of Judaism, Christianity, and Islam"
691,49.56,'Salem's Lot
692,34.77,Zero History (Blue Ant #3)
693,17.73,Wuthering Heights
694,21.80,World War Z: An Oral History of the Zombie War
695,46.02,Wild: From Lost to Found on the Pacific Crest Trail
696,18.13,"Where'd You Go, Bernadette"
697,30.89,When You Are Engulfed in Flames
698,31.95,We the People: The Modern-Day Figures Who Have Reshaped and Affirmed the Founding Fathers' Vision of America
699,24.04,We Are All Completely Beside Ourselves
700,32.36,Walk the Edge (Thunder Road #2)
701,21.07,Voyager (Outlander #3)
702,50.66,Very Good Lives: The Fringe Benefits of Failure and the Importance of Imagination
703,13.66,Vegan Vegetarian Omnivore: Dinner for Everyone at the Table
704,58.09,"Unstuffed: Decluttering Your Home, Mind, and Soul"
705,30.00,Under the Banner of Heaven: A Story of Violent Faith
706,32.74,Two Boys Kissing
707,41.93,Twilight (Twilight #1)
708,42.80,Twenties Girl
709,53.51,"Trespassing Across America: One Man's Epic, Never-Done-Before (and Sort of Illegal) Hike Across the Heartland"
710,23.21,Three-Martini Lunch
711,21.14,"Thinking, Fast and Slow"
712,56.07,The Wild Robot
713,14.41,"The Wicked + The Divine, Vol. 3: Commercial Suicide (The Wicked + The Divine)"
714,45.75,The Undomestic Goddess
715,15.77,The Travelers
716,10.02,The Tipping Point: How Little Things Can Make a Big Difference
717,48.77,The Thing About Jellyfish
718,57.86,The Stand
719,23.59,The Smitten Kitchen Cookbook
720,23.05,The Silkworm (Cormoran Strike #2)
721,55.55,"The Sandman, Vol. 3: Dream Country (The Sandman (volumes) #3)"
722,58.64,The Rose & the Dagger (The Wrath and the Dawn #2)
723,23.21,The Road to Little Dribbling: Adventures of an American in Britain (Notes From a Small Island #2)
724,42.57,The Rise of Theodore Roosevelt (Theodore Roosevelt #1)
725,10.92,The Restaurant at the End of the Universe (Hitchhiker's Guide to the Galaxy #2)
726,34.77,The Rest Is Noise: Listening to the Twentieth Century
727,35.66,The Red Tent
728,37.19,The Purpose Driven Life: What on Earth Am I Here for?
729,12.25,The Purest Hook (Second Circle Tattoos #3)
730,29.70,The Picture of Dorian Gray
731,36.80,The Paris Wife
732,45.43,The Obsession
733,26.26,The Nightingale
734,44.92,The New Guy (and Other Senior Year Distractions)
735,52.53,The Nanny Diaries (Nanny #1)
736,37.25,The Name of God is Mercy
737,20.93,The Maze Runner (The Maze Runner #1)
738,58.09,The Lover's Dictionary
739,43.59,The Lonely Ones
740,33.92,The Lean Startup: How Today's Entrepreneurs Use Continuous Innovation to Create Radically Successful Businesses
741,55.55,The Last Painting of Sara de Vos
742,29.64,"The Land of 10,000 Madonnas"
743,27.41,The Infinities
744,52.51,The Husband's Secret
745,47.80,The Hitchhiker's Guide to the Galaxy (Hitchhiker's Guide to the Galaxy #1)
746,14.54,The Guns of August
747,49.53,The Guernsey Literary and Potato Peel Pie Society
748,43.58,The Goldfinch
749,12.30,The Giver (The Giver Quartet #1)
750,49.47,The Girl with All the Gifts
751,22.14,The Girl Who Played with Fire (Millennium Trilogy #2)
752,57.48,The Girl Who Kicked the Hornet's Nest (Millennium Trilogy #3)
753,43.45,The Exiled
754,22.13,"The End of Faith: Religion, Terror, and the Future of Reason"
755,13.03,"The Elegant Universe: Superstrings, Hidden Dimensions, and the Quest for the Ultimate Theory"
756,57.35,"The Disappearing Spoon: And Other True Tales of Madness, Love, and the History of the World from the Periodic Table of the Elements"
757,44.29,The Devil Wears Prada (The Devil Wears Prada #1)
758,52.25,The Demon-Haunted World: Science as a Candle in the Dark
759,26.33,The Day the Crayons Came Home (Crayons)
760,22.96,The Da Vinci Code (Robert Langdon #2)
761,19.21,The Cuckoo's Calling (Cormoran Strike #1)
762,26.78,The Complete Stories and Poems (The Works of Edgar Allan Poe [Cameo Edition])
763,41.32,The Complete Poems
764,24.55,The Catcher in the Rye
765,16.26,The Cat in the Hat (Beginner Books B-1)
766,47.84,The Case for Christ (Cases for Christianity)
767,53.49,The Book Thief
768,44.84,The Book of Basketball: The NBA According to The Sports Guy
769,53.71,The Blind Side: Evolution of a Game
770,23.43,The Autobiography of Malcolm X
771,34.32,"The Art of Simple Food: Notes, Lessons, and Recipes from a Delicious Revolution"
772,22.10,The Art of Fielding
773,25.83,"Surely You're Joking, Mr. Feynman!: Adventures of a Curious Character"
774,36.74,Stiff: The Curious Lives of Human Cadavers
775,49.51,Spilled Milk: Based on a True Story
776,48.96,Something Borrowed (Darcy & Rachel #1)
777,54.62,Something Blue (Darcy & Rachel #2)
778,24.72,Soldier (Talon #3)
779,46.45,Shopaholic & Baby (Shopaholic #5)
780,52.33,Seven Days in the Art World
781,30.60,Seven Brief Lessons on Physics
782,14.57,Scarlet (The Lunar Chronicles #2)
783,46.29,Sarah's Key
784,21.57,"Saga, Volume 3 (Saga (Collected Editions) #3)"
785,12.91,Running with Scissors
786,50.11,Rogue Lawyer (Rogue Lawyer #1)
787,41.67,"Rise of the Rocket Girls: The Women Who Propelled Us, from Missiles to the Moon to Mars"
788,44.88,Rework
789,11.10,Reservations for Two
790,28.54,Red: The True Story of Red Riding Hood
791,19.07,Ready Player One
792,43.55,Quiet: The Power of Introverts in a World That Can't Stop Talking
793,43.63,Prodigy: The Graphic Novel (Legend: The Graphic Novel #2)
794,39.13,Persepolis: The Story of a Childhood (Persepolis #1-2)
795,56.68,Packing for Mars: The Curious Science of Life in the Void
796,14.16,Outliers: The Story of Success
797,31.45,Original Fake
798,24.61,Orange Is the New Black
799,32.87,One for the Money (Stephanie Plum #1)
800,40.17,Notes from a Small Island (Notes From a Small Island #1)
801,13.51,Night (The Night Trilogy #1)
802,38.95,Neither Here nor There: Travels in Europe
803,31.69,Naked
804,29.40,Morning Star (Red Rising #3)
805,57.83,"Miracles from Heaven: A Little Girl, Her Journey to Heaven, and Her Amazing Story of Healing"
806,55.46,Midnight Riot (Peter Grant/ Rivers of London - books #1)
807,57.60,Me Talk Pretty One Day
808,34.98,Manuscript Found in Accra
809,11.87,Lust & Wonder
810,12.47,Lila (Gilead #3)
811,33.26,"Life, the Universe and Everything (Hitchhiker's Guide to the Galaxy #3)"
812,59.04,Life Without a Recipe
813,26.13,Life After Life
814,22.20,Letter to a Christian Nation
815,45.11,Let's Pretend This Never Happened: A Mostly True Memoir
816,43.69,Legend (Legend #1)
817,25.02,"Lean In: Women, Work, and the Will to Lead"
818,55.50,"Lamb: The Gospel According to Biff, Christ's Childhood Pal"
819,53.04,Lady Renegades (Rebel Belle #3)
820,44.97,Jurassic Park (Jurassic Park #1)
821,42.38,It's Never Too Late to Begin Again: Discovering Creativity and Meaning at Midlife and Beyond
822,20.11,Is Everyone Hanging Out Without Me? (And Other Concerns)
823,56.70,Into the Wild
824,41.00,Inferno (Robert Langdon #4)
825,28.85,"In the Garden of Beasts: Love, Terror, and an American Family in Hitler's Berlin"
826,49.97,If I Run (If I Run #1)
827,19.69,I've Got Your Number
828,28.88,I Am Malala: The Girl Who Stood Up for Education and Was Shot by the Taliban
829,33.14,Hungry Girl Clean & Hungry: Easy All-Natural Recipes for Healthy Eating in the Real World
830,43.70,"House of Lost Worlds: Dinosaurs, Dynasties, and the Story of Life on Earth"
831,54.89,House of Leaves
832,37.52,Horrible Bear!
833,51.07,Holidays on Ice
834,44.07,Heir to the Sky
835,10.79,Green Eggs and Ham (Beginner Books B-16)
836,42.72,"Grayson, Vol 3: Nemesis (Grayson #3)"
837,26.66,Gratitude
838,37.60,Gone Girl
839,42.21,Golden (Heart of Dread #3)
840,46.83,Girl in the Blue Coat
841,45.17,"Fruits Basket, Vol. 3 (Fruits Basket #3)"
842,51.22,"Friday Night Lights: A Town, a Team, and a Dream"
843,21.28,Fire Bound (Sea Haven/Sisters of the Heart #5)
844,15.36,Fifty Shades Freed (Fifty Shades #3)
845,38.62,Fellside
846,25.40,Extreme Prey (Lucas Davenport #26)
847,43.87,Eragon (The Inheritance Cycle #1)
848,18.74,Eclipse (Twilight #3)
849,54.86,Dune (Dune #1)
850,52.62,Dracula
851,51.48,Do Androids Dream of Electric Sheep? (Blade Runner #1)
852,15.28,Disrupted: My Misadventure in the Start-Up Bubble
853,39.24,Dead Wake: The Last Crossing of the Lusitania
854,17.81,"David and Goliath: Underdogs, Misfits, and the Art of Battling Giants"
855,56.02,Darkfever (Fever #1)
856,23.90,Dark Places
857,49.13,Crazy Rich Asians (Crazy Rich Asians #1)
858,10.62,Counting Thyme
859,36.17,Cosmos
860,59.95,Civilization and Its Discontents
861,26.09,Cinder (The Lunar Chronicles #1)
862,37.35,Catastrophic Happiness: Finding Joy in Childhood's Messy Years
863,24.72,Career of Evil (Cormoran Strike #3)
864,35.28,Breaking Dawn (Twilight #4)
865,51.32,Brave Enough
866,21.12,Boy Meets Boy
867,27.35,"Born to Run: A Hidden Tribe, Superathletes, and the Greatest Race the World Has Never Seen"
868,21.74,Blink: The Power of Thinking Without Thinking
869,40.87,Black Flags: The Rise of ISIS
870,49.31,"Black Butler, Vol. 1 (Black Butler #1)"
871,22.11,Big Little Lies
872,20.79,Between Shades of Gray
873,27.41,Best of My Love (Fool's Gold #20)
874,38.35,Beowulf
875,21.55,Beautiful Creatures (Caster Chronicles #1)
876,38.02,Awkward
877,22.06,Ash
878,10.66,Are We There Yet?
879,56.58,Are We Smart Enough to Know How Smart Animals Are?
880,36.83,Annie on My Mind
881,35.01,And Then There Were None
882,30.48,A Walk in the Woods: Rediscovering America on the Appalachian Trail
883,14.08,A Visit from the Goon Squad
884,31.22,A Storm of Swords (A Song of Ice and Fire #3)
885,54.29,A Heartbreaking Work of Staggering Genius
886,31.04,8 Keys to Mental Health Through Exercise
887,50.96,#GIRLBOSS
888,11.89,"The Suffragettes (Little Black Classics, #96)"
889,31.38,The Sense of an Ending
890,54.81,"The Sandman, Vol. 2: The Doll's House (The Sandman (volumes) #2)"
891,16.78,The Course of Love
892,24.42,Sugar Rush (Offensive Line #2)
893,11.75,"Saga, Volume 2 (Saga (Collected Editions) #2)"
894,20.02,"Run, Spot, Run: The Ethics of Keeping Pets"
895,12.86,New Moon (Twilight #2)
896,31.58,Life
897,34.00,Kindle Paperwhite User's Guide
898,57.42,H is for Hawk
899,53.47,Girl Online On Tour (Girl Online #2)
900,11.64,"Fruits Basket, Vol. 2 (Fruits Basket #2)"
901,52.88,Diary of a Minecraft Zombie Book 1: A Scare of a Dare (An Unofficial Minecraft Book)
902,18.51,"Y: The Last Man, Vol. 1: Unmanned (Y: The Last Man #1)"
903,41.32,While You Were Mine
904,39.77,Where Lightning Strikes (Bleeding Stars #3)
905,51.96,When I'm Gone
906,39.51,Ways of Seeing
907,15.40,"Vampire Knight, Vol. 1 (Vampire Knight #1)"
908,53.82,Vampire Girl (Vampire Girl #1)
909,30.95,Twenty Love Poems and a Song of Despair
910,57.82,Travels with Charley: In Search of America
911,44.18,Three Wishes (River of Time: California #1)
912,48.71,This One Moment (Pushing Limits #1)
913,19.69,The Zombie Room
914,36.52,"The Wicked + The Divine, Vol. 1: The Faust Act (The Wicked + The Divine)"
915,41.56,The Tumor
916,43.19,The Story of Hong Gildong
917,12.34,The Silent Wife
918,36.25,The Silent Twin (Detective Jennifer Knight #3)
919,29.45,The Selfish Gene
920,34.56,The Secret Healer
921,54.12,"The Sandman, Vol. 1: Preludes and Nocturnes (The Sandman (volumes) #1)"
922,33.78,The Republic
923,29.64,The Odyssey
924,57.70,The No. 1 Ladies' Detective Agency (No. 1 Ladies' Detective Agency #1)
925,36.34,The Nicomachean Ethics
926,50.59,The Name of the Wind (The Kingkiller Chronicle #1)
927,29.38,The Mirror & the Maze (The Wrath and the Dawn #1.5)
928,45.42,The Little Prince
929,54.43,The Light of the Fireflies
930,36.26,The Last Girl (The Dominion Trilogy #1)
931,16.16,The Iliad
932,36.29,The Hook Up (Game On #1)
933,27.89,The Haters
934,12.29,The Girl You Lost
935,15.85,The Girl In The Ice (DCI Erika Foster #1)
936,14.40,The End of the Jesus Era (An Investigation #1)
937,19.18,The Edge of Reason (Bridget Jones #2)
938,10.64,The Complete Maus (Maus #1-2)
939,14.76,The Communist Manifesto
940,57.49,The Bhagavad Gita
941,30.66,The Bette Davis Club
942,40.83,The Art of Not Breathing
943,18.88,Taking Shots (Assassins #1)
944,25.83,Starlark
945,42.12,"Skip Beat!, Vol. 01 (Skip Beat! #1)"
946,13.33,Sister Sable (The Mad Queen #1)
947,42.40,Shatter Me (Shatter Me #1)
948,58.35,Shameless
949,21.72,Shadow Rites (Jane Yellowrock #10)
950,44.91,Settling the Score (The Summer Games #1)
951,37.46,Sense and Sensibility
952,28.48,"Saga, Volume 1 (Saga (Collected Editions) #1)"
953,28.34,"Rhythm, Chord & Malykhin"
954,46.96,"Rat Queens, Vol. 1: Sass & Sorcery (Rat Queens (Collected Editions) #1-5)"
955,24.96,Paradise Lost (Paradise #1)
956,21.71,"Paper Girls, Vol. 1 (Paper Girls #1-5)"
957,29.87,"Ouran High School Host Club, Vol. 1 (Ouran High School Host Club #1)"
958,28.99,Origins (Alphas 0.5)
959,52.94,One Second (Seven #7)
960,32.36,On the Road (Duluoz Legend)
961,55.66,Old Records Never Die: One Man's Quest for His Vinyl and His Past
962,39.45,Off Sides (Off #1)
963,47.11,Of Mice and Men
964,58.75,Myriad (Prentor #1)
965,38.92,My Perfect Mistake (Over the Top #1)
966,39.39,"Ms. Marvel, Vol. 1: No Normal (Ms. Marvel (2014-2015) #1)"
967,25.89,Meditations
968,28.34,Matilda
969,27.70,Lost Among the Living
970,24.89,Lord of the Flies
971,58.99,Listen to Me (Fusion #1)
972,57.20,Kitchens of the Great Midwest
973,38.43,Jane Eyre
974,34.74,Imperfect Harmony
975,40.44,Icing (Aces Hockey #2)
976,45.24,"Hawkeye, Vol. 1: My Life as a Weapon (Hawkeye #1)"
977,34.96,Having the Barbarian's Baby (Ice Planet Barbarians #7.5)
978,56.76,"Giant Days, Vol. 1 (Giant Days #1-4)"
979,40.28,"Fruits Basket, Vol. 1 (Fruits Basket #1)"
980,38.00,Frankenstein
981,28.80,Forever Rockers (The Rocker #12)
982,39.24,Fighting Fate (Fighting #6)
983,32.93,Emma
984,51.32,"Eat, Pray, Love"
985,47.09,Deep Under (Walker Security #1)
986,28.42,Choosing Our Religion: The Spiritual Lives of America's Nones
987,22.85,Charlie and the Chocolate Factory (Charlie Bucket #1)
988,41.24,Charity's Cross (Charles Towne Belles #4)
989,39.07,Bright Lines
990,29.82,Bridget Jones's Diary (Bridget Jones #1)
991,37.26,Bounty (Colorado Mountain #7)
992,20.30,Blood Defense (Samantha Brinkman #1)
993,34.65,"Bleach, Vol. 1: Strawberry and the Soul Reapers (Bleach #1)"
994,43.38,Beyond Good and Evil
995,55.53,Alice in Wonderland (Alice's Adventures in Wonderland #1)
996,57.06,"Ajin: Demi-Human, Volume 1 (Ajin: Demi-Human #1)"
997,16.97,A Spy's Devotion (The Regency Spies of London #1)
998,53.98,1st to Die (Women's Murder Club #1)
999,26.08,"1,000 Places to See Before You Die"
