;Titles;Price
0;A Light in the Attic;£51.77
1;Tipping the Velvet;£53.74
2;Soumission;£50.10
3;Sharp Objects;£47.82
4;Sapiens: A Brief History of Humankind;£54.23
5;The Requiem Red;£22.65
6;The Dirty Little Secrets of Getting Your Dream Job;£33.34
7;The Coming Woman: A Novel Based on the Life of the Infamous Feminist, Victoria Woodhull;£17.93
8;The Boys in the Boat: Nine Americans and Their Epic Quest for Gold at the 1936 Berlin Olympics;£22.60
9;The Black Maria;£52.15
10;Starving Hearts (Triangular Trade Trilogy, #1);£13.99
11;Shakespeare's Sonnets;£20.66
12;Set Me Free;£17.46
13;Scott Pilgrim's Precious Little Life (Scott Pilgrim #1);£52.29
14;Rip it Up and Start Again;£35.02
15;Our Band Could Be Your Life: Scenes from the American Indie Underground, 1981-1991;£57.25
16;Olio;£23.88
17;Mesaerion: The Best Science Fiction Stories 1800-1849;£37.59
18;Libertarianism for Beginners;£51.33
19;It's Only the Himalayas;£45.17
20;In Her Wake;£12.84
21;How Music Works;£37.32
22;Foolproof Preserving: A Guide to Small Batch Jams, Jellies, Pickles, Condiments, and More: A Foolproof Guide to Making Small Batch Jams, Jellies, Pickles, Condiments, and More;£30.52
23;Chase Me (Paris Nights #2);£25.27
24;Black Dust;£34.53
25;Birdsong: A Story in Pictures;£54.64
26;America's Cradle of Quarterbacks: Western Pennsylvania's Football Factory from Johnny Unitas to Joe Montana;£22.50
27;Aladdin and His Wonderful Lamp;£53.13
28;Worlds Elsewhere: Journeys Around Shakespeare’s Globe;£40.30
29;Wall and Piece;£44.18
30;The Four Agreements: A Practical Guide to Personal Freedom;£17.66
31;The Five Love Languages: How to Express Heartfelt Commitment to Your Mate;£31.05
32;The Elephant Tree;£23.82
33;The Bear and the Piano;£36.89
34;Sophie's World;£15.94
35;Penny Maybe;£33.29
36;Maude (1883-1993):She Grew Up with the country;£18.02
37;In a Dark, Dark Wood;£19.63
38;Behind Closed Doors;£52.22
39;You can't bury them all: Poems;£33.63
40;Slow States of Collapse: Poems;£57.31
41;Reasons to Stay Alive;£26.41
42;Private Paris (Private #10);£47.61
43;#HigherSelfie: Wake Up Your Life. Free Your Soul. Find Your Tribe.;£23.11
44;Without Borders (Wanderlove #1);£45.07
45;When We Collided;£31.77
46;We Love You, Charlie Freeman;£50.27
47;Untitled Collection: Sabbath Poems 2014;£14.27
48;Unseen City: The Majesty of Pigeons, the Discreet Charm of Snails & Other Wonders of the Urban Wilderness;£44.18
49;Unicorn Tracks;£18.78
50;Unbound: How Eight Technologies Made Us Human, Transformed Society, and Brought Our World to the Brink;£25.52
51;Tsubasa: WoRLD CHRoNiCLE 2 (Tsubasa WoRLD CHRoNiCLE #2);£16.28
52;Throwing Rocks at the Google Bus: How Growth Became the Enemy of Prosperity;£31.12
53;This One Summer;£19.49
54;Thirst;£17.27
55;The Torch Is Passed: A Harding Family Story;£19.09
56;The Secret of Dreadwillow Carse;£56.13
57;The Pioneer Woman Cooks: Dinnertime: Comfort Classics, Freezer Food, 16-Minute Meals, and Other Delicious Ways to Solve Supper!;£56.41
58;The Past Never Ends;£56.50
59;The Natural History of Us (The Fine Art of Pretending #2);£45.22
60;The Nameless City (The Nameless City #1);£38.16
61;The Murder That Never Was (Forensic Instincts #5);£54.11
62;The Most Perfect Thing: Inside (and Outside) a Bird's Egg;£42.96
63;The Mindfulness and Acceptance Workbook for Anxiety: A Guide to Breaking Free from Anxiety, Phobias, and Worry Using Acceptance and Commitment Therapy;£23.89
64;The Life-Changing Magic of Tidying Up: The Japanese Art of Decluttering and Organizing;£16.77
65;The Inefficiency Assassin: Time Management Tactics for Working Smarter, Not Longer;£20.59
66;The Gutsy Girl: Escapades for Your Life of Epic Adventure;£37.13
67;The Electric Pencil: Drawings from Inside State Hospital No. 3;£56.06
68;The Death of Humanity: and the Case for Life;£58.11
69;The Bulletproof Diet: Lose up to a Pound a Day, Reclaim Energy and Focus, Upgrade Your Life;£49.05
70;The Art Forger;£40.76
71;The Age of Genius: The Seventeenth Century and the Birth of the Modern Mind;£19.73
72;The Activist's Tao Te Ching: Ancient Advice for a Modern Revolution;£32.24
73;Spark Joy: An Illustrated Master Class on the Art of Organizing and Tidying Up;£41.83
74;Soul Reader;£39.58
75;Security;£39.25
76;Saga, Volume 6 (Saga (Collected Editions) #6);£25.02
77;Saga, Volume 5 (Saga (Collected Editions) #5);£51.04
78;Reskilling America: Learning to Labor in the Twenty-First Century;£19.83
79;Rat Queens, Vol. 3: Demons (Rat Queens (Collected Editions) #11-15);£50.40
80;Princess Jellyfish 2-in-1 Omnibus, Vol. 01 (Princess Jellyfish 2-in-1 Omnibus #1);£13.61
81;Princess Between Worlds (Wide-Awake Princess #5);£13.34
82;Pop Gun War, Volume 1: Gift;£18.97
83;Political Suicide: Missteps, Peccadilloes, Bad Calls, Backroom Hijinx, Sordid Pasts, Rotten Breaks, and Just Plain Dumb Mistakes in the Annals of American Politics;£36.28
84;Patience;£10.16
85;Outcast, Vol. 1: A Darkness Surrounds Him (Outcast #1);£15.44
86;orange: The Complete Collection 1 (orange: The Complete Collection #1);£48.41
87;Online Marketing for Busy Authors: A Step-By-Step Guide;£46.35
88;On a Midnight Clear;£14.07
89;Obsidian (Lux #1);£14.86
90;My Paris Kitchen: Recipes and Stories;£33.37
91;Masks and Shadows;£56.40
92;Mama Tried: Traditional Italian Cooking for the Screwed, Crude, Vegan, and Tattooed;£14.02
93;Lumberjanes, Vol. 2: Friendship to the Max (Lumberjanes #5-8);£46.91
94;Lumberjanes, Vol. 1: Beware the Kitten Holy (Lumberjanes #1-4);£45.61
95;Lumberjanes Vol. 3: A Terrible Plan (Lumberjanes #9-12);£19.92
96;Layered: Baking, Building, and Styling Spectacular Cakes;£40.11
97;Judo: Seven Steps to Black Belt (an Introductory Guide for Beginners);£53.90
98;Join;£35.67
99;In the Country We Love: My Family Divided;£22.00
100;Immunity: How Elie Metchnikoff Changed the Course of Modern Medicine;£57.36
101;I Hate Fairyland, Vol. 1: Madly Ever After (I Hate Fairyland (Compilations) #1-5);£29.17
102;I am a Hero Omnibus Volume 1;£54.63
103;How to Be Miserable: 40 Strategies You Already Use;£46.03
104;Her Backup Boyfriend (The Sorensen Family #1);£33.97
105;Giant Days, Vol. 2 (Giant Days #5-8);£22.11
106;Forever and Forever: The Courtship of Henry Longfellow and Fanny Appleton;£29.69
107;First and First (Five Boroughs #3);£15.97
108;Fifty Shades Darker (Fifty Shades #2);£21.96
109;Everydata: The Misinformation Hidden in the Little Data You Consume Every Day;£54.35
110;Don't Be a Jerk: And Other Practical Advice from Dogen, Japan's Greatest Zen Master;£37.97
111;Danganronpa Volume 1;£51.99
112;Crown of Midnight (Throne of Glass #2);£43.29
113;Codename Baboushka, Volume 1: The Conclave of Death;£36.72
114;Camp Midnight;£17.08
115;Call the Nurse: True Stories of a Country Nurse on a Scottish Isle;£29.14
116;Burning;£28.81
117;Bossypants;£49.46
118;Bitch Planet, Vol. 1: Extraordinary Machine (Bitch Planet (Collected Editions));£37.92
119;Avatar: The Last Airbender: Smoke and Shadow, Part 3 (Smoke and Shadow #3);£28.09
120;Algorithms to Live By: The Computer Science of Human Decisions;£30.81
121;A World of Flavor: Your Gluten Free Passport;£42.95
122;A Piece of Sky, a Grain of Rice: A Memoir in Four Meditations;£56.76
123;A Murder in Time;£16.64
124;A Flight of Arrows (The Pathfinders #2);£55.53
125;A Fierce and Subtle Poison;£28.13
126;A Court of Thorns and Roses (A Court of Thorns and Roses #1);£52.37
127;(Un)Qualified: How God Uses Broken People to Do Big Things;£54.00
128;You Are What You Love: The Spiritual Power of Habit;£21.87
129;William Shakespeare's Star Wars: Verily, A New Hope (William Shakespeare's Star Wars #4);£43.30
130;Tuesday Nights in 1980;£21.04
131;Tracing Numbers on a Train;£41.60
132;Throne of Glass (Throne of Glass #1);£35.07
133;Thomas Jefferson and the Tripoli Pirates: The Forgotten War That Changed American History;£59.64
134;Thirteen Reasons Why;£52.72
135;The White Cat and the Monk: A Retelling of the Poem “Pangur Bán”;£58.08
136;The Wedding Dress;£24.12
137;The Vacationers;£42.15
138;The Third Wave: An Entrepreneur’s Vision of the Future;£12.61
139;The Stranger;£17.44
140;The Shadow Hero (The Shadow Hero);£33.14
141;The Secret (The Secret #1);£27.37
142;The Regional Office Is Under Attack!;£51.36
143;The Psychopath Test: A Journey Through the Madness Industry;£36.00
144;The Project;£10.65
145;The Power of Now: A Guide to Spiritual Enlightenment;£43.54
146;The Omnivore's Dilemma: A Natural History of Four Meals;£38.21
147;The Nerdy Nummies Cookbook: Sweet Treats for the Geek in All of Us;£37.34
148;The Murder of Roger Ackroyd (Hercule Poirot #4);£44.10
149;The Mistake (Off-Campus #2);£43.29
150;The Matchmaker's Playbook (Wingmen Inc. #1);£55.85
151;The Love and Lemons Cookbook: An Apple-to-Zucchini Celebration of Impromptu Cooking;£37.60
152;The Long Shadow of Small Ghosts: Murder and Memory in an American City;£10.97
153;The Kite Runner;£41.82
154;The House by the Lake;£36.95
155;The Glittering Court (The Glittering Court #1);£44.28
156;The Girl on the Train;£55.02
157;The Genius of Birds;£17.24
158;The Emerald Mystery;£23.15
159;The Cookies & Cups Cookbook: 125+ sweet & savory recipes reminding you to Always Eat Dessert First;£41.25
160;The Bridge to Consciousness: I'm Writing the Bridge Between Science and Our Old and New Beliefs.;£32.00
161;The Artist's Way: A Spiritual Path to Higher Creativity;£38.49
162;The Art of War;£33.34
163;The Argonauts;£10.93
164;The 10% Entrepreneur: Live Your Startup Dream Without Quitting Your Day Job;£27.55
165;Suddenly in Love (Lake Haven #1);£55.99
166;Something More Than This;£16.24
167;Soft Apocalypse;£26.12
168;So You've Been Publicly Shamed;£12.23
169;Shoe Dog: A Memoir by the Creator of NIKE;£23.99
170;Shobu Samurai, Project Aryoku (#3);£29.06
171;Secrets and Lace (Fatal Hearts #1);£20.27
172;Scarlett Epstein Hates It Here;£43.55
173;Romero and Juliet: A Tragic Tale of Love and Zombies;£36.94
174;Redeeming Love;£20.47
175;Poses for Artists Volume 1 - Dynamic and Sitting Poses: An Essential Reference for Figure Drawing and the Human Form;£41.06
176;Poems That Make Grown Women Cry;£14.19
177;Nightingale, Sing;£38.28
178;Night Sky with Exit Wounds;£41.05
179;Mrs. Houdini;£30.25
180;Modern Romance;£28.26
181;Miss Peregrine’s Home for Peculiar Children (Miss Peregrine’s Peculiar Children #1);£10.76
182;Louisa: The Extraordinary Life of Mrs. Adams;£16.85
183;Little Red;£13.47
184;Library of Souls (Miss Peregrine’s Peculiar Children #3);£48.56
185;Large Print Heart of the Pride;£19.15
186;I Had a Nice Time And Other Lies...: How to find love & sh*t like that;£57.36
187;Hollow City (Miss Peregrine’s Peculiar Children #2);£42.98
188;Grumbles;£22.16
189;Full Moon over Noah’s Ark: An Odyssey to Mount Ararat and Beyond;£49.43
190;Frostbite (Vampire Academy #2);£29.99
191;Follow You Home;£21.36
192;First Steps for New Christians (Print Edition);£29.00
193;Finders Keepers (Bill Hodges Trilogy #2);£53.53
194;Fables, Vol. 1: Legends in Exile (Fables #1);£41.62
195;Eureka Trivia 6.0;£54.59
196;Drive: The Surprising Truth About What Motivates Us;£34.95
197;Done Rubbed Out (Reightman & Bailey #1);£37.72
198;Doing It Over (Most Likely To #1);£35.61
199;Deliciously Ella Every Day: Quick and Easy Recipes for Gluten-Free Snacks, Packed Lunches, and Simple Meals;£42.16
200;Dark Notes;£19.19
201;Daring Greatly: How the Courage to Be Vulnerable Transforms the Way We Live, Love, Parent, and Lead;£19.43
202;Close to You;£49.46
203;Chasing Heaven: What Dying Taught Me About Living;£37.80
204;Big Magic: Creative Living Beyond Fear;£30.80
205;Becoming Wise: An Inquiry into the Mystery and Art of Living;£27.43
206;Beauty Restored (Riley Family Legacy Novellas #3);£11.11
207;Batman: The Long Halloween (Batman);£36.50
208;Batman: The Dark Knight Returns (Batman);£15.38
209;Ayumi's Violin;£15.48
210;Anonymous;£46.82
211;Amy Meets the Saints and Sages;£18.46
212;Amid the Chaos;£36.58
213;Amatus;£50.54
214;Agnostic: A Spirited Manifesto;£12.51
215;Zealot: The Life and Times of Jesus of Nazareth;£24.70
216;You (You #1);£43.61
217;Wonder Woman: Earth One, Volume One (Wonder Woman: Earth One #1);£37.34
218;Wild Swans;£14.36
219;Why the Right Went Wrong: Conservatism--From Goldwater to the Tea Party and Beyond;£52.65
220;Whole Lotta Creativity Going On: 60 Fun and Unusual Exercises to Awaken and Strengthen Your Creativity;£38.20
221;What's It Like in Space?: Stories from Astronauts Who've Been There;£19.60
222;We Are Robin, Vol. 1: The Vigilante Business (We Are Robin #1);£53.90
223;Walt Disney's Alice in Wonderland;£12.96
224;V for Vendetta (V for Vendetta Complete);£37.10
225;Until Friday Night (The Field Party #1);£46.31
226;Unbroken: A World War II Story of Survival, Resilience, and Redemption;£45.95
227;Twenty Yawns;£22.08
228;Through the Woods;£25.38
229;This Is Where It Ends;£27.12
230;The Year of Magical Thinking;£43.04
231;The Wright Brothers;£56.80
232;The White Queen (The Cousins' War #1);£25.91
233;The Wedding Pact (The O'Malleys #2);£32.61
234;The Time Keeper;£27.88
235;The Testament of Mary;£52.67
236;The Star-Touched Queen;£46.02
237;The Songs of the Gods;£44.48
238;The Song of Achilles;£37.40
239;The Rosie Project (Don Tillman #1);£54.04
240;The Power of Habit: Why We Do What We Do in Life and Business;£16.88
241;The Marriage of Opposites;£28.08
242;The Lucifer Effect: Understanding How Good People Turn Evil;£10.40
243;The Long Haul (Diary of a Wimpy Kid #9);£44.07
244;The Loney;£23.40
245;The Literature Book (Big Ideas Simply Explained);£17.43
246;The Last Mile (Amos Decker #2);£54.21
247;The Immortal Life of Henrietta Lacks;£40.67
248;The Hidden Oracle (The Trials of Apollo #1);£52.26
249;The Help Yourself Cookbook for Kids: 60 Easy Plant-Based Recipes Kids Can Make to Stay Healthy and Save the Earth;£28.77
250;The Guilty (Will Robie #4);£13.82
251;The First Hostage (J.B. Collins #2);£25.85
252;The Dovekeepers;£48.78
253;The Darkest Lie;£35.35
254;The Bane Chronicles (The Bane Chronicles #1-11);£44.73
255;The Bad-Ass Librarians of Timbuktu: And Their Race to Save the World’s Most Precious Manuscripts;£15.77
256;The 14th Colony (Cotton Malone #11);£39.24
257;That Darkness (Gardiner and Renner #1);£13.92
258;Tastes Like Fear (DI Marnie Rome #3);£10.69
259;Take Me with You;£45.21
260;Swell: A Year of Waves;£45.58
261;Superman Vol. 1: Before Truth (Superman by Gene Luen Yang #1);£11.89
262;Still Life with Bread Crumbs;£26.41
263;Steve Jobs;£39.50
264;Sorting the Beef from the Bull: The Science of Food Fraud Forensics;£44.74
265;Someone Like You (The Harrisons #2);£52.79
266;So Cute It Hurts!!, Vol. 6 (So Cute It Hurts!! #6);£35.43
267;Shtum;£55.84
268;See America: A Celebration of Our National Parks & Treasured Sites;£48.87
269;salt.;£46.78
270;Robin War;£47.82
271;Red Hood/Arsenal, Vol. 1: Open for Business (Red Hood/Arsenal #1);£25.48
272;Rain Fish;£23.57
273;Quarter Life Poetry: Poems for the Young, Broke and Hangry;£50.89
274;Pet Sematary;£10.56
275;Overload: How to Unplug, Unwind, and Unleash Yourself from the Pressure of Stress;£52.15
276;Once Was a Time;£18.28
277;Old School (Diary of a Wimpy Kid #10);£11.83
278;No Dream Is Too High: Life Lessons From a Man Who Walked on the Moon;£21.95
279;Naruto (3-in-1 Edition), Vol. 14: Includes Vols. 40, 41 & 42 (Naruto: Omnibus #14);£38.39
280;My Name Is Lucy Barton;£41.56
281;My Mrs. Brown;£24.48
282;My Kind of Crazy;£40.36
283;Mr. Mercedes (Bill Hodges Trilogy #1);£28.90
284;More Than Music (Chasing the Dream #1);£37.61
285;Made to Stick: Why Some Ideas Survive and Others Die;£38.85
286;Luis Paints the World;£53.95
287;Luckiest Girl Alive;£49.83
288;Lowriders to the Center of the Earth (Lowriders in Space #2);£51.51
289;Love Is a Mix Tape (Music #1);£18.03
290;Looking for Lovely: Collecting the Moments that Matter;£29.14
291;Living Leadership by Insight: A Good Leader Achieves, a Great Leader Builds Monuments;£46.91
292;Let It Out: A Journey Through Journaling;£26.79
293;Lady Midnight (The Dark Artifices #1);£16.28
294;It's All Easy: Healthy, Delicious Weeknight Meals in under 30 Minutes;£19.55
295;Island of Dragons (Unwanteds #7);£29.65
296;I Know What I'm Doing -- and Other Lies I Tell Myself: Dispatches from a Life Under Construction;£25.98
297;I Am Pilgrim (Pilgrim #1);£10.60
298;Hyperbole and a Half: Unfortunate Situations, Flawed Coping Mechanisms, Mayhem, and Other Things That Happened;£14.75
299;Hush, Hush (Hush, Hush #1);£47.02
300;Hold Your Breath (Search and Rescue #1);£28.82
301;Hamilton: The Revolution;£58.79
302;Greek Mythic History;£10.23
303;God: The Most Unpleasant Character in All Fiction;£30.03
304;Glory over Everything: Beyond The Kitchen House;£45.84
305;Feathers: Displays of Brilliant Plumage;£49.05
306;Far & Away: Places on the Brink of Change: Seven Continents, Twenty-Five Years;£15.06
307;Every Last Word;£46.47
308;Eligible (The Austen Project #4);£27.09
309;El Deafo;£57.62
310;Eight Hundred Grapes;£14.39
311;Eaternity: More than 150 Deliciously Easy Vegan Recipes for a Long, Healthy, Satisfied, Joyful Life;£51.75
312;Eat Fat, Get Thin;£54.07
313;Don't Get Caught;£55.35
314;Doctor Sleep (The Shining #2);£40.12
315;Demigods & Magicians: Percy and Annabeth Meet the Kanes (Percy Jackson & Kane Chronicles Crossover #1-3);£37.51
316;Dear Mr. Knightley;£11.21
317;Daily Fantasy Sports;£36.58
318;Crazy Love: Overwhelmed by a Relentless God;£47.72
319;Cometh the Hour (The Clifton Chronicles #6);£25.01
320;Code Name Verity (Code Name Verity #1);£22.13
321;Clockwork Angel (The Infernal Devices #1);£44.14
322;City of Glass (The Mortal Instruments #3);£56.02
323;City of Fallen Angels (The Mortal Instruments #4);£11.23
324;City of Bones (The Mortal Instruments #1);£43.28
325;City of Ashes (The Mortal Instruments #2);£47.27
326;Cell;£20.29
327;Catching Jordan (Hundred Oaks);£50.83
328;Carry On, Warrior: Thoughts on Life Unarmed;£31.85
329;Carrie;£46.23
330;Buying In: The Secret Dialogue Between What We Buy and Who We Are;£37.80
331;Brain on Fire: My Month of Madness;£49.32
332;Batman: Europa;£32.01
333;Barefoot Contessa Back to Basics;£28.01
334;Barefoot Contessa at Home: Everyday Recipes You'll Make Over and Over Again;£50.62
335;Balloon Animals;£17.03
336;Art Ops Vol. 1;£48.80
337;Aristotle and Dante Discover the Secrets of the Universe (Aristotle and Dante Discover the Secrets of the Universe #1);£58.14
338;Angels Walking (Angels Walking #1);£34.20
339;Angels & Demons (Robert Langdon #1);£51.48
340;All the Light We Cannot See;£29.87
341;"Adulthood Is a Myth: A ""Sarah's Scribbles"" Collection";£10.90
342;Abstract City;£56.37
343;A Time of Torment (Charlie Parker #14);£48.35
344;A Study in Scarlet (Sherlock Holmes #1);£16.73
345;A Series of Catastrophes and Miracles: A True Story of Love, Science, and Cancer;£56.48
346;A People's History of the United States;£40.79
347;A Man Called Ove;£39.72
348;A Distant Mirror: The Calamitous 14th Century;£14.58
349;A Brush of Wings (Angels Walking #3);£55.51
350;1491: New Revelations of the Americas Before Columbus;£21.80
351;The Three Searches, Meaning, and the Story;£13.33
352;Searching for Meaning in Gailana;£38.73
353;Rook;£37.86
354;My Kitchen Year: 136 Recipes That Saved My Life;£11.53
355;13 Hours: The Inside Account of What Really Happened In Benghazi;£27.06
356;Will You Won't You Want Me?;£13.86
357;Tipping Point for Planet Earth: How Close Are We to the Edge?;£37.55
358;The Star-Touched Queen;£32.30
359;The Silent Sister (Riley MacPherson #1);£46.29
360;The Midnight Watch: A Novel of the Titanic and the Californian;£26.20
361;The Lonely City: Adventures in the Art of Being Alone;£33.26
362;The Gray Rhino: How to Recognize and Act on the Obvious Dangers We Ignore;£59.15
363;The Golden Condom: And Other Essays on Love Lost and Found;£39.43
364;The Epidemic (The Program 0.6);£14.44
365;The Dinner Party;£56.54
366;The Diary of a Young Girl;£59.90
367;The Children;£11.88
368;Stars Above (The Lunar Chronicles #4.5);£48.05
369;Snatched: How A Drug Queen Went Undercover for the DEA and Was Kidnapped By Colombian Guerillas;£21.21
370;Raspberry Pi Electronics Projects for the Evil Genius;£49.67
371;Quench Your Own Thirst: Business Lessons Learned Over a Beer or Two;£43.14
372;Psycho: Sanitarium (Psycho #1.5);£36.97
373;Poisonous (Max Revere Novels #3);£26.80
374;One with You (Crossfire #5);£15.71
375;No Love Allowed (Dodge Cove #1);£54.65
376;Murder at the 42nd Street Library (Raymond Ambler #1);£54.36
377;Most Wanted;£35.28
378;Love, Lies and Spies;£20.55
379;How to Speak Golf: An Illustrated Guide to Links Lingo;£58.32
380;Hide Away (Eve Duncan #20);£11.84
381;Furiously Happy: A Funny Book About Horrible Things;£41.46
382;Everyday Italian: 125 Simple and Delicious Recipes;£20.10
383;Equal Is Unfair: America's Misguided Fight Against Income Inequality;£56.86
384;Eleanor & Park;£56.51
385;Dirty (Dive Bar #1);£40.83
386;Can You Keep a Secret? (Fear Street Relaunch #4);£48.64
387;Boar Island (Anna Pigeon #19);£59.48
388;A Paris Apartment;£39.01
389;A la Mode: 120 Recipes in 60 Pairings: Pies, Tarts, Cakes, Crisps, and More Topped with Ice Cream, Gelato, Frozen Custard, and More;£38.77
390;Troublemaker: Surviving Hollywood and Scientology;£48.39
391;The Widow;£27.26
392;The Sleep Revolution: Transforming Your Life, One Night at a Time;£11.68
393;The Improbability of Love;£59.45
394;The Art of Startup Fundraising;£21.00
395;Take Me Home Tonight (Rock Star Romance #3);£53.98
396;Sleeping Giants (Themis Files #1);£48.74
397;Setting the World on Fire: The Brief, Astonishing Life of St. Catherine of Siena;£21.15
398;Playing with Fire;£13.71
399;Off the Hook (Fishing for Trouble #1);£47.67
400;Mothering Sunday;£13.34
401;Mother, Can You Not?;£16.89
402;M Train;£27.18
403;Lilac Girls;£17.28
404;Lies and Other Acts of Love;£45.14
405;Lab Girl;£40.85
406;Keep Me Posted;£20.46
407;It Didn't Start with You: How Inherited Family Trauma Shapes Who We Are and How to End the Cycle;£56.27
408;Grey (Fifty Shades #4);£48.49
409;Exit, Pursued by a Bear;£51.34
410;Daredevils;£16.34
411;Cravings: Recipes for What You Want to Eat;£20.50
412;Born for This: How to Find the Work You Were Meant to Do;£21.59
413;Arena;£21.36
414;Adultery;£20.88
415;A Mother's Reckoning: Living in the Aftermath of Tragedy;£19.53
416;A Gentleman's Position (Society of Gentlemen #3);£14.75
417;11/22/63;£48.48
418;10% Happier: How I Tamed the Voice in My Head, Reduced Stress Without Losing My Edge, and Found Self-Help That Actually Works;£24.57
419;10-Day Green Smoothie Cleanse: Lose Up to 15 Pounds in 10 Days!;£49.71
420;Without Shame;£48.27
421;Watchmen;£58.05
422;Unlimited Intuition Now;£58.87
423;Underlying Notes;£11.82
424;The Shack;£28.03
425;The New Brand You: Your New Image Makes the Sale for You;£44.05
426;The Moosewood Cookbook: Recipes from Moosewood Restaurant, Ithaca, New York;£12.34
427;The Flowers Lied;£16.68
428;The Fabric of the Cosmos: Space, Time, and the Texture of Reality;£55.91
429;The Book of Mormon;£24.57
430;The Art and Science of Low Carbohydrate Living;£52.98
431;The Alien Club;£54.40
432;Suzie Snowflake: One beautiful flake (a self-esteem story);£54.81
433;Nap-a-Roo;£25.08
434;NaNo What Now? Finding your editing process, revising your NaNoWriMo book and building a writing career through publishing and beyond;£10.41
435;Modern Day Fables;£47.44
436;If I Gave You God's Phone Number....: Searching for Spirituality in America;£20.91
437;Fruits Basket, Vol. 9 (Fruits Basket #9);£33.95
438;Dress Your Family in Corduroy and Denim;£43.68
439;Don't Forget Steven;£33.23
440;Chernobyl 01:23:40: The Incredible True Story of the World's Worst Nuclear Disaster;£35.92
441;Art and Fear: Observations on the Perils (and Rewards) of Artmaking;£48.63
442;A Shard of Ice (The Black Symphony Saga #1);£56.63
443;A Hero's Curse (The Unseen Chronicles #1);£50.49
444;23 Degrees South: A Tropical Tale of Changing Whether...;£35.79
445;Zero to One: Notes on Startups, or How to Build the Future;£34.06
446;Why Not Me?;£17.76
447;When Breath Becomes Air;£39.36
448;Vagabonding: An Uncommon Guide to the Art of Long-Term World Travel;£36.94
449;The Unlikely Pilgrimage of Harold Fry (Harold Fry #1);£43.62
450;The New Drawing on the Right Side of the Brain;£43.02
451;The Midnight Assassin: Panic, Scandal, and the Hunt for America's First Serial Killer;£28.45
452;The Martian (The Martian #1);£41.39
453;The High Mountains of Portugal;£51.15
454;The Grownup;£35.88
455;The E-Myth Revisited: Why Most Small Businesses Don't Work and What to Do About It;£36.91
456;South of Sunshine;£28.93
457;Smarter Faster Better: The Secrets of Being Productive in Life and Business;£38.89
458;Silence in the Dark (Logan Point #4);£58.33
459;Shadows of the Past (Logan Point #1);£39.67
460;Roller Girl;£14.10
461;Rising Strong;£21.82
462;Proofs of God: Classical Arguments from Tertullian to Barth;£54.21
463;Please Kill Me: The Uncensored Oral History of Punk;£31.19
464;Out of Print: City Lights Spotlight No. 14;£53.64
465;My Life Next Door (My Life Next Door );£36.39
466;Miller's Valley;£58.54
467;Man's Search for Meaning;£29.48
468;Love That Boy: What Two Presidents, Eight Road Trips, and My Son Taught Me About a Parent's Expectations;£25.06
469;Living Forward: A Proven Plan to Stop Drifting and Get the Life You Want;£12.55
470;Les Fleurs du Mal;£29.04
471;Left Behind (Left Behind #1);£40.72
472;Kill 'Em and Leave: Searching for James Brown and the American Soul;£45.05
473;Kierkegaard: A Christian Missionary to Christians;£47.13
474;John Vassos: Industrial Design for Modern Life;£20.22
475;I'll Give You the Sun;£56.48
476;I Will Find You;£44.21
477;Hystopia: A Novel;£21.96
478;Howl and Other Poems;£40.45
479;History of Beauty;£10.29
480;Heaven is for Real: A Little Boy's Astounding Story of His Trip to Heaven and Back;£52.86
481;Future Shock (Future Shock #1);£55.65
482;Ender's Game (The Ender Quintet #1);£43.64
483;Diary of a Citizen Scientist: Chasing Tiger Beetles and Other New Ways of Engaging the World;£28.41
484;Death by Leisure: A Cautionary Tale;£37.51
485;Brilliant Beacons: A History of the American Lighthouse;£11.45
486;Brazen: The Courage to Find the You That's Been Hiding;£19.22
487;Between the World and Me;£56.91
488;Being Mortal: Medicine and What Matters in the End;£55.06
489;A Murder Over a Girl: Justice, Gender, Junior High;£13.20
490;32 Yolks;£53.63
491;"""Most Blessed of the Patriarchs"": Thomas Jefferson and the Empire of the Imagination";£44.48
492;You Are a Badass: How to Stop Doubting Your Greatness and Start Living an Awesome Life;£12.08
493;Wildlife of New York: A Five-Borough Coloring Book;£22.14
494;What Happened on Beale Street (Secrets of the South Mysteries #2);£25.37
495;Unreasonable Hope: Finding Faith in the God Who Brings Purpose to Your Pain;£46.33
496;Under the Tuscan Sun;£37.33
497;Toddlers Are A**holes: It's Not Your Fault;£25.55
498;The Year of Living Biblically: One Man's Humble Quest to Follow the Bible as Literally as Possible;£34.72
499;The Whale;£35.96
500;The Story of Art;£41.14
501;The Origin of Species;£10.01
502;The Great Gatsby;£36.05
503;The Good Girl;£49.03
504;The Glass Castle;£16.24
505;The Faith of Christopher Hitchens: The Restless Soul of the World's Most Notorious Atheist;£39.55
506;The Drowning Girls;£35.67
507;The Constant Princess (The Tudor Court #1);£16.62
508;The Bourne Identity (Jason Bourne #1);£42.78
509;The Bachelor Girl's Guide to Murder (Herringford and Watts Mysteries #1);£52.30
510;The Art Book;£32.34
511;The 7 Habits of Highly Effective People: Powerful Lessons in Personal Change;£33.17
512;Team of Rivals: The Political Genius of Abraham Lincoln;£20.12
513;Steal Like an Artist: 10 Things Nobody Told You About Being Creative;£20.90
514;Sit, Stay, Love;£20.90
515;Sister Dear;£40.20
516;Shrunken Treasures: Literary Classics, Short, Sweet, and Silly;£52.87
517;Rich Dad, Poor Dad;£51.74
518;Raymie Nightingale;£34.41
519;Playing from the Heart;£32.38
520;Nightstruck: A Novel;£50.35
521;Naturally Lean: 125 Nourishing Gluten-Free, Plant-Based Recipes--All Under 300 Calories;£11.38
522;Meternity;£43.58
523;Memoirs of a Geisha;£49.67
524;Like Never Before (Walker Family #2);£28.77
525;Life of Pi;£13.22
526;Leave This Song Behind: Teen Poetry at Its Best;£51.17
527;King's Folly (The Kinsman Chronicles #1);£39.61
528;John Adams;£57.43
529;How to Cook Everything Vegetarian: Simple Meatless Recipes for Great Food (How to Cook Everything);£46.01
530;How to Be a Domestic Goddess: Baking and the Art of Comfort Cooking;£28.25
531;Good in Bed (Cannie Shapiro #1);£37.05
532;Fruits Basket, Vol. 7 (Fruits Basket #7);£19.57
533;For the Love: Fighting for Grace in a World of Impossible Standards;£45.13
534;Finding God in the Ruins: How God Redeems Pain;£46.64
535;Every Heart a Doorway (Every Heart A Doorway #1);£12.16
536;Delivering the Truth (Quaker Midwife Mystery #1);£20.89
537;Counted With the Stars (Out from Egypt #1);£17.97
538;Chronicles, Vol. 1;£52.60
539;Blue Like Jazz: Nonreligious Thoughts on Christian Spirituality;£25.77
540;Benjamin Franklin: An American Life;£48.19
541;At The Existentialist Café: Freedom, Being, and apricot cocktails with: Jean-Paul Sartre, Simone de Beauvoir, Albert Camus, Martin Heidegger, Edmund Husserl, Karl Jaspers, Maurice Merleau-Ponty and others;£29.93
542;A Summer In Europe;£44.34
543;A Short History of Nearly Everything;£52.40
544;A Gathering of Shadows (Shades of Magic #2);£44.81
545;The Sound Of Love;£57.84
546;The Rise and Fall of the Third Reich: A History of Nazi Germany;£39.67
547;The Perks of Being a Wallflower;£55.02
548;The Mysterious Affair at Styles (Hercule Poirot #1);£24.80
549;The Man Who Mistook His Wife for a Hat and Other Clinical Tales;£59.45
550;The Makings of a Fatherless Child;£31.58
551;The Joy of Cooking;£43.27
552;The Invention of Wings;£37.34
553;The Hobbit (Middle-Earth Universe);£17.80
554;The Great Railway Bazaar;£30.54
555;The Golden Compass (His Dark Materials #1);£18.77
556;The God Delusion;£46.85
557;The Girl You Left Behind (The Girl You Left Behind #1);£15.79
558;The Fellowship of the Ring (The Lord of the Rings #1);£10.27
559;The Collected Poems of W.B. Yeats (The Collected Works of W.B. Yeats #1);£15.42
560;The Barefoot Contessa Cookbook;£59.92
561;Tell the Wolves I'm Home;£50.96
562;Ship Leaves Harbor: Essays on Travel by a Recovering Journeyman;£30.60
563;Pride and Prejudice;£19.27
564;Musicophilia: Tales of Music and the Brain;£46.58
565;Mere Christianity;£48.51
566;Me Before You (Me Before You #1);£19.02
567;In the Woods (Dublin Murder Squad #1);£38.38
568;In Cold Blood;£49.98
569;How to Stop Worrying and Start Living;£46.49
570;Give It Back;£18.32
571;Girl, Interrupted;£42.14
572;Fun Home: A Family Tragicomic;£56.59
573;Fruits Basket, Vol. 6 (Fruits Basket #6);£20.96
574;Deception Point;£40.32
575;Death Note, Vol. 6: Give-and-Take (Death Note #6);£36.39
576;Catherine the Great: Portrait of a Woman;£58.55
577;Better Homes and Gardens New Cook Book;£39.61
578;An Unquiet Mind: A Memoir of Moods and Madness;£21.30
579;A Year in Provence (Provence #1);£56.88
580;World Without End (The Pillars of the Earth #2);£32.97
581;Will Grayson, Will Grayson (Will Grayson, Will Grayson);£47.31
582;Why Save the Bankers?: And Other Essays on Our Economic and Political Crisis;£48.67
583;Where She Went (If I Stay #2);£41.73
584;What If?: Serious Scientific Answers to Absurd Hypothetical Questions;£53.68
585;Two Summers;£14.64
586;This Is Your Brain on Music: The Science of a Human Obsession;£38.40
587;The Secret Garden;£15.08
588;The Raven King (The Raven Cycle #4);£30.57
589;The Raven Boys (The Raven Cycle #1);£57.74
590;The Power Greens Cookbook: 140 Delicious Superfood Recipes;£11.05
591;The Metamorphosis;£28.58
592;The Mathews Men: Seven Brothers and the War Against Hitler's U-boats;£42.91
593;The Little Paris Bookshop;£24.73
594;The Hiding Place;£55.91
595;The Grand Design;£13.76
596;The Firm;£45.56
597;The Fault in Our Stars;£47.22
598;The False Prince (The Ascendance Trilogy #1);£56.00
599;The Expatriates;£44.58
600;The Dream Thieves (The Raven Cycle #2);£34.50
601;The Darkest Corners;£11.33
602;The Crossover;£38.77
603;The 5th Wave (The 5th Wave #1);£11.83
604;Tell the Wind and Fire;£45.51
605;Tell Me Three Things;£41.81
606;Talking to Girls About Duran Duran: One Young Man's Quest for True Love and a Cooler Haircut;£25.15
607;Siddhartha;£34.22
608;Shiver (The Wolves of Mercy Falls #1);£16.23
609;Remember Me?;£11.48
610;Red Dragon (Hannibal Lecter #1);£23.37
611;Peak: Secrets from the New Science of Expertise;£16.28
612;My Mother Was Nuts;£31.63
613;Mexican Today: New and Rediscovered Recipes for Contemporary Kitchens;£24.91
614;Maybe Something Beautiful: How Art Transformed a Neighborhood;£22.54
615;Lola and the Boy Next Door (Anna and the French Kiss #2);£23.63
616;Logan Kade (Fallen Crest High #5.5);£13.12
617;Last One Home (New Beginnings #1);£59.98
618;Killing Floor (Jack Reacher #1);£31.49
619;Kill the Boy Band;£15.52
620;Isla and the Happily Ever After (Anna and the French Kiss #3);£48.13
621;If I Stay (If I Stay #1);£38.13
622;I Know Why the Caged Bird Sings (Maya Angelou's Autobiography #1);£36.55
623;Harry Potter and the Deathly Hallows (Harry Potter #7);£23.32
624;Fruits Basket, Vol. 5 (Fruits Basket #5);£16.33
625;Foundation (Foundation (Publication Order) #1);£32.42
626;Fool Me Once;£16.96
627;Find Her (Detective D.D. Warren #8);£22.37
628;Evicted: Poverty and Profit in the American City;£42.27
629;Drama;£38.70
630;Dracula the Un-Dead;£35.63
631;Digital Fortress;£58.00
632;Death Note, Vol. 5: Whiteout (Death Note #5);£52.41
633;Data, A Love Story: How I Gamed Online Dating to Meet My Match;£32.35
634;Critique of Pure Reason;£20.75
635;Booked;£17.49
636;Blue Lily, Lily Blue (The Raven Cycle #3);£34.13
637;Approval Junkie: Adventures in Caring Too Much;£58.81
638;An Abundance of Katherines;£10.00
639;America's War for the Greater Middle East: A Military History;£51.22
640;Alight (The Generations Trilogy #2);£58.59
641;A Girl's Guide to Moving On (New Beginnings #2);£31.30
642;A Game of Thrones (A Song of Ice and Fire #1);£46.42
643;A Feast for Crows (A Song of Ice and Fire #4);£17.21
644;A Clash of Kings (A Song of Ice and Fire #2);£10.79
645;Vogue Colors A to Z: A Fashion Coloring Book;£52.35
646;The Shining (The Shining #1);£27.88
647;The Pilgrim's Progress;£50.26
648;The Perfect Play (Play by Play #1);£59.99
649;The Passion of Dolssa;£28.32
650;The Jazz of Physics: The Secret Link Between Music and the Structure of the Universe;£38.71
651;The Hunger Games (The Hunger Games #1);£29.85
652;The Hound of the Baskervilles (Sherlock Holmes #5);£14.82
653;The Gunning of America: Business and the Making of American Gun Culture;£16.81
654;The Geography of Bliss: One Grump's Search for the Happiest Places in the World;£28.23
655;The Demonists (Demonist #1);£52.11
656;The Demon Prince of Momochi House, Vol. 4 (The Demon Prince of Momochi House #4);£27.88
657;The Bone Hunters (Lexy Vaughan & Steven Macaulay #2);£59.71
658;The Beast (Black Dagger Brotherhood #14);£46.08
659;Some Women;£13.73
660;Shopaholic Ties the Knot (Shopaholic #3);£48.39
661;Paper and Fire (The Great Library #2);£49.45
662;Outlander (Outlander #1);£19.67
663;Orchestra of Exiles: The Story of Bronislaw Huberman, the Israel Philharmonic, and the One Thousand Jews He Saved from Nazi Horrors;£12.36
664;No One Here Gets Out Alive;£20.02
665;Night Shift (Night Shift #1-20);£12.75
666;Needful Things;£47.51
667;Mockingjay (The Hunger Games #3);£20.44
668;Misery;£34.79
669;Little Women (Little Women #1);£28.07
670;It;£25.01
671;Harry Potter and the Sorcerer's Stone (Harry Potter #1);£13.90
672;Harry Potter and the Prisoner of Azkaban (Harry Potter #3);£24.17
673;Harry Potter and the Order of the Phoenix (Harry Potter #5);£31.63
674;Harry Potter and the Half-Blood Prince (Harry Potter #6);£48.75
675;Harry Potter and the Chamber of Secrets (Harry Potter #2);£14.74
676;Gone with the Wind;£32.49
677;God Is Not Great: How Religion Poisons Everything;£27.80
678;Girl With a Pearl Earring;£26.77
679;Fruits Basket, Vol. 4 (Fruits Basket #4);£50.44
680;Far From True (Promise Falls Trilogy #2);£34.93
681;Dark Lover (Black Dagger Brotherhood #1);£12.87
682;Confessions of a Shopaholic (Shopaholic #1);£48.94
683;Changing the Game (Play by Play #2);£13.38
684;Candide;£58.63
685;Can You Keep a Secret?;£21.94
686;Atlas Shrugged;£26.58
687;Animal Farm;£57.22
688;A Walk to Remember;£56.43
689;A New Earth: Awakening to Your Life's Purpose;£55.65
690;A History of God: The 4,000-Year Quest of Judaism, Christianity, and Islam;£27.62
691;'Salem's Lot;£49.56
692;Zero History (Blue Ant #3);£34.77
693;Wuthering Heights;£17.73
694;World War Z: An Oral History of the Zombie War;£21.80
695;Wild: From Lost to Found on the Pacific Crest Trail;£46.02
696;Where'd You Go, Bernadette;£18.13
697;When You Are Engulfed in Flames;£30.89
698;We the People: The Modern-Day Figures Who Have Reshaped and Affirmed the Founding Fathers' Vision of America;£31.95
699;We Are All Completely Beside Ourselves;£24.04
700;Walk the Edge (Thunder Road #2);£32.36
701;Voyager (Outlander #3);£21.07
702;Very Good Lives: The Fringe Benefits of Failure and the Importance of Imagination;£50.66
703;Vegan Vegetarian Omnivore: Dinner for Everyone at the Table;£13.66
704;Unstuffed: Decluttering Your Home, Mind, and Soul;£58.09
705;Under the Banner of Heaven: A Story of Violent Faith;£30.00
706;Two Boys Kissing;£32.74
707;Twilight (Twilight #1);£41.93
708;Twenties Girl;£42.80
709;Trespassing Across America: One Man's Epic, Never-Done-Before (and Sort of Illegal) Hike Across the Heartland;£53.51
710;Three-Martini Lunch;£23.21
711;Thinking, Fast and Slow;£21.14
712;The Wild Robot;£56.07
713;The Wicked + The Divine, Vol. 3: Commercial Suicide (The Wicked + The Divine);£14.41
714;The Undomestic Goddess;£45.75
715;The Travelers;£15.77
716;The Tipping Point: How Little Things Can Make a Big Difference;£10.02
717;The Thing About Jellyfish;£48.77
718;The Stand;£57.86
719;The Smitten Kitchen Cookbook;£23.59
720;The Silkworm (Cormoran Strike #2);£23.05
721;The Sandman, Vol. 3: Dream Country (The Sandman (volumes) #3);£55.55
722;The Rose & the Dagger (The Wrath and the Dawn #2);£58.64
723;The Road to Little Dribbling: Adventures of an American in Britain (Notes From a Small Island #2);£23.21
724;The Rise of Theodore Roosevelt (Theodore Roosevelt #1);£42.57
725;The Restaurant at the End of the Universe (Hitchhiker's Guide to the Galaxy #2);£10.92
726;The Rest Is Noise: Listening to the Twentieth Century;£34.77
727;The Red Tent;£35.66
728;The Purpose Driven Life: What on Earth Am I Here for?;£37.19
729;The Purest Hook (Second Circle Tattoos #3);£12.25
730;The Picture of Dorian Gray;£29.70
731;The Paris Wife;£36.80
732;The Obsession;£45.43
733;The Nightingale;£26.26
734;The New Guy (and Other Senior Year Distractions);£44.92
735;The Nanny Diaries (Nanny #1);£52.53
736;The Name of God is Mercy;£37.25
737;The Maze Runner (The Maze Runner #1);£20.93
738;The Lover's Dictionary;£58.09
739;The Lonely Ones;£43.59
740;The Lean Startup: How Today's Entrepreneurs Use Continuous Innovation to Create Radically Successful Businesses;£33.92
741;The Last Painting of Sara de Vos;£55.55
742;The Land of 10,000 Madonnas;£29.64
743;The Infinities;£27.41
744;The Husband's Secret;£52.51
745;The Hitchhiker's Guide to the Galaxy (Hitchhiker's Guide to the Galaxy #1);£47.80
746;The Guns of August;£14.54
747;The Guernsey Literary and Potato Peel Pie Society;£49.53
748;The Goldfinch;£43.58
749;The Giver (The Giver Quartet #1);£12.30
750;The Girl with All the Gifts;£49.47
751;The Girl Who Played with Fire (Millennium Trilogy #2);£22.14
752;The Girl Who Kicked the Hornet's Nest (Millennium Trilogy #3);£57.48
753;The Exiled;£43.45
754;The End of Faith: Religion, Terror, and the Future of Reason;£22.13
755;The Elegant Universe: Superstrings, Hidden Dimensions, and the Quest for the Ultimate Theory;£13.03
756;The Disappearing Spoon: And Other True Tales of Madness, Love, and the History of the World from the Periodic Table of the Elements;£57.35
757;The Devil Wears Prada (The Devil Wears Prada #1);£44.29
758;The Demon-Haunted World: Science as a Candle in the Dark;£52.25
759;The Day the Crayons Came Home (Crayons);£26.33
760;The Da Vinci Code (Robert Langdon #2);£22.96
761;The Cuckoo's Calling (Cormoran Strike #1);£19.21
762;The Complete Stories and Poems (The Works of Edgar Allan Poe [Cameo Edition]);£26.78
763;The Complete Poems;£41.32
764;The Catcher in the Rye;£24.55
765;The Cat in the Hat (Beginner Books B-1);£16.26
766;The Case for Christ (Cases for Christianity);£47.84
767;The Book Thief;£53.49
768;The Book of Basketball: The NBA According to The Sports Guy;£44.84
769;The Blind Side: Evolution of a Game;£53.71
770;The Autobiography of Malcolm X;£23.43
771;The Art of Simple Food: Notes, Lessons, and Recipes from a Delicious Revolution;£34.32
772;The Art of Fielding;£22.10
773;Surely You're Joking, Mr. Feynman!: Adventures of a Curious Character;£25.83
774;Stiff: The Curious Lives of Human Cadavers;£36.74
775;Spilled Milk: Based on a True Story;£49.51
776;Something Borrowed (Darcy & Rachel #1);£48.96
777;Something Blue (Darcy & Rachel #2);£54.62
778;Soldier (Talon #3);£24.72
779;Shopaholic & Baby (Shopaholic #5);£46.45
780;Seven Days in the Art World;£52.33
781;Seven Brief Lessons on Physics;£30.60
782;Scarlet (The Lunar Chronicles #2);£14.57
783;Sarah's Key;£46.29
784;Saga, Volume 3 (Saga (Collected Editions) #3);£21.57
785;Running with Scissors;£12.91
786;Rogue Lawyer (Rogue Lawyer #1);£50.11
787;Rise of the Rocket Girls: The Women Who Propelled Us, from Missiles to the Moon to Mars;£41.67
788;Rework;£44.88
789;Reservations for Two;£11.10
790;Red: The True Story of Red Riding Hood;£28.54
791;Ready Player One;£19.07
792;Quiet: The Power of Introverts in a World That Can't Stop Talking;£43.55
793;Prodigy: The Graphic Novel (Legend: The Graphic Novel #2);£43.63
794;Persepolis: The Story of a Childhood (Persepolis #1-2);£39.13
795;Packing for Mars: The Curious Science of Life in the Void;£56.68
796;Outliers: The Story of Success;£14.16
797;Original Fake;£31.45
798;Orange Is the New Black;£24.61
799;One for the Money (Stephanie Plum #1);£32.87
800;Notes from a Small Island (Notes From a Small Island #1);£40.17
801;Night (The Night Trilogy #1);£13.51
802;Neither Here nor There: Travels in Europe;£38.95
803;Naked;£31.69
804;Morning Star (Red Rising #3);£29.40
805;Miracles from Heaven: A Little Girl, Her Journey to Heaven, and Her Amazing Story of Healing;£57.83
806;Midnight Riot (Peter Grant/ Rivers of London - books #1);£55.46
807;Me Talk Pretty One Day;£57.60
808;Manuscript Found in Accra;£34.98
809;Lust & Wonder;£11.87
810;Lila (Gilead #3);£12.47
811;Life, the Universe and Everything (Hitchhiker's Guide to the Galaxy #3);£33.26
812;Life Without a Recipe;£59.04
813;Life After Life;£26.13
814;Letter to a Christian Nation;£22.20
815;Let's Pretend This Never Happened: A Mostly True Memoir;£45.11
816;Legend (Legend #1);£43.69
817;Lean In: Women, Work, and the Will to Lead;£25.02
818;Lamb: The Gospel According to Biff, Christ's Childhood Pal;£55.50
819;Lady Renegades (Rebel Belle #3);£53.04
820;Jurassic Park (Jurassic Park #1);£44.97
821;It's Never Too Late to Begin Again: Discovering Creativity and Meaning at Midlife and Beyond;£42.38
822;Is Everyone Hanging Out Without Me? (And Other Concerns);£20.11
823;Into the Wild;£56.70
824;Inferno (Robert Langdon #4);£41.00
825;In the Garden of Beasts: Love, Terror, and an American Family in Hitler's Berlin;£28.85
826;If I Run (If I Run #1);£49.97
827;I've Got Your Number;£19.69
828;I Am Malala: The Girl Who Stood Up for Education and Was Shot by the Taliban;£28.88
829;Hungry Girl Clean & Hungry: Easy All-Natural Recipes for Healthy Eating in the Real World;£33.14
830;House of Lost Worlds: Dinosaurs, Dynasties, and the Story of Life on Earth;£43.70
831;House of Leaves;£54.89
832;Horrible Bear!;£37.52
833;Holidays on Ice;£51.07
834;Heir to the Sky;£44.07
835;Green Eggs and Ham (Beginner Books B-16);£10.79
836;Grayson, Vol 3: Nemesis (Grayson #3);£42.72
837;Gratitude;£26.66
838;Gone Girl;£37.60
839;Golden (Heart of Dread #3);£42.21
840;Girl in the Blue Coat;£46.83
841;Fruits Basket, Vol. 3 (Fruits Basket #3);£45.17
842;Friday Night Lights: A Town, a Team, and a Dream;£51.22
843;Fire Bound (Sea Haven/Sisters of the Heart #5);£21.28
844;Fifty Shades Freed (Fifty Shades #3);£15.36
845;Fellside;£38.62
846;Extreme Prey (Lucas Davenport #26);£25.40
847;Eragon (The Inheritance Cycle #1);£43.87
848;Eclipse (Twilight #3);£18.74
849;Dune (Dune #1);£54.86
850;Dracula;£52.62
851;Do Androids Dream of Electric Sheep? (Blade Runner #1);£51.48
852;Disrupted: My Misadventure in the Start-Up Bubble;£15.28
853;Dead Wake: The Last Crossing of the Lusitania;£39.24
854;David and Goliath: Underdogs, Misfits, and the Art of Battling Giants;£17.81
855;Darkfever (Fever #1);£56.02
856;Dark Places;£23.90
857;Crazy Rich Asians (Crazy Rich Asians #1);£49.13
858;Counting Thyme;£10.62
859;Cosmos;£36.17
860;Civilization and Its Discontents;£59.95
861;Cinder (The Lunar Chronicles #1);£26.09
862;Catastrophic Happiness: Finding Joy in Childhood's Messy Years;£37.35
863;Career of Evil (Cormoran Strike #3);£24.72
864;Breaking Dawn (Twilight #4);£35.28
865;Brave Enough;£51.32
866;Boy Meets Boy;£21.12
867;Born to Run: A Hidden Tribe, Superathletes, and the Greatest Race the World Has Never Seen;£27.35
868;Blink: The Power of Thinking Without Thinking;£21.74
869;Black Flags: The Rise of ISIS;£40.87
870;Black Butler, Vol. 1 (Black Butler #1);£49.31
871;Big Little Lies;£22.11
872;Between Shades of Gray;£20.79
873;Best of My Love (Fool's Gold #20);£27.41
874;Beowulf;£38.35
875;Beautiful Creatures (Caster Chronicles #1);£21.55
876;Awkward;£38.02
877;Ash;£22.06
878;Are We There Yet?;£10.66
879;Are We Smart Enough to Know How Smart Animals Are?;£56.58
880;Annie on My Mind;£36.83
881;And Then There Were None;£35.01
882;A Walk in the Woods: Rediscovering America on the Appalachian Trail;£30.48
883;A Visit from the Goon Squad;£14.08
884;A Storm of Swords (A Song of Ice and Fire #3);£31.22
885;A Heartbreaking Work of Staggering Genius;£54.29
886;8 Keys to Mental Health Through Exercise;£31.04
887;#GIRLBOSS;£50.96
888;The Suffragettes (Little Black Classics, #96);£11.89
889;The Sense of an Ending;£31.38
890;The Sandman, Vol. 2: The Doll's House (The Sandman (volumes) #2);£54.81
891;The Course of Love;£16.78
892;Sugar Rush (Offensive Line #2);£24.42
893;Saga, Volume 2 (Saga (Collected Editions) #2);£11.75
894;Run, Spot, Run: The Ethics of Keeping Pets;£20.02
895;New Moon (Twilight #2);£12.86
896;Life;£31.58
897;Kindle Paperwhite User's Guide;£34.00
898;H is for Hawk;£57.42
899;Girl Online On Tour (Girl Online #2);£53.47
900;Fruits Basket, Vol. 2 (Fruits Basket #2);£11.64
901;Diary of a Minecraft Zombie Book 1: A Scare of a Dare (An Unofficial Minecraft Book);£52.88
902;Y: The Last Man, Vol. 1: Unmanned (Y: The Last Man #1);£18.51
903;While You Were Mine;£41.32
904;Where Lightning Strikes (Bleeding Stars #3);£39.77
905;When I'm Gone;£51.96
906;Ways of Seeing;£39.51
907;Vampire Knight, Vol. 1 (Vampire Knight #1);£15.40
908;Vampire Girl (Vampire Girl #1);£53.82
909;Twenty Love Poems and a Song of Despair;£30.95
910;Travels with Charley: In Search of America;£57.82
911;Three Wishes (River of Time: California #1);£44.18
912;This One Moment (Pushing Limits #1);£48.71
913;The Zombie Room;£19.69
914;The Wicked + The Divine, Vol. 1: The Faust Act (The Wicked + The Divine);£36.52
915;The Tumor;£41.56
916;The Story of Hong Gildong;£43.19
917;The Silent Wife;£12.34
918;The Silent Twin (Detective Jennifer Knight #3);£36.25
919;The Selfish Gene;£29.45
920;The Secret Healer;£34.56
921;The Sandman, Vol. 1: Preludes and Nocturnes (The Sandman (volumes) #1);£54.12
922;The Republic;£33.78
923;The Odyssey;£29.64
924;The No. 1 Ladies' Detective Agency (No. 1 Ladies' Detective Agency #1);£57.70
925;The Nicomachean Ethics;£36.34
926;The Name of the Wind (The Kingkiller Chronicle #1);£50.59
927;The Mirror & the Maze (The Wrath and the Dawn #1.5);£29.38
928;The Little Prince;£45.42
929;The Light of the Fireflies;£54.43
930;The Last Girl (The Dominion Trilogy #1);£36.26
931;The Iliad;£16.16
932;The Hook Up (Game On #1);£36.29
933;The Haters;£27.89
934;The Girl You Lost;£12.29
935;The Girl In The Ice (DCI Erika Foster #1);£15.85
936;The End of the Jesus Era (An Investigation #1);£14.40
937;The Edge of Reason (Bridget Jones #2);£19.18
938;The Complete Maus (Maus #1-2);£10.64
939;The Communist Manifesto;£14.76
940;The Bhagavad Gita;£57.49
941;The Bette Davis Club;£30.66
942;The Art of Not Breathing;£40.83
943;Taking Shots (Assassins #1);£18.88
944;Starlark;£25.83
945;Skip Beat!, Vol. 01 (Skip Beat! #1);£42.12
946;Sister Sable (The Mad Queen #1);£13.33
947;Shatter Me (Shatter Me #1);£42.40
948;Shameless;£58.35
949;Shadow Rites (Jane Yellowrock #10);£21.72
950;Settling the Score (The Summer Games #1);£44.91
951;Sense and Sensibility;£37.46
952;Saga, Volume 1 (Saga (Collected Editions) #1);£28.48
953;Rhythm, Chord & Malykhin;£28.34
954;Rat Queens, Vol. 1: Sass & Sorcery (Rat Queens (Collected Editions) #1-5);£46.96
955;Paradise Lost (Paradise #1);£24.96
956;Paper Girls, Vol. 1 (Paper Girls #1-5);£21.71
957;Ouran High School Host Club, Vol. 1 (Ouran High School Host Club #1);£29.87
958;Origins (Alphas 0.5);£28.99
959;One Second (Seven #7);£52.94
960;On the Road (Duluoz Legend);£32.36
961;Old Records Never Die: One Man's Quest for His Vinyl and His Past;£55.66
962;Off Sides (Off #1);£39.45
963;Of Mice and Men;£47.11
964;Myriad (Prentor #1);£58.75
965;My Perfect Mistake (Over the Top #1);£38.92
966;Ms. Marvel, Vol. 1: No Normal (Ms. Marvel (2014-2015) #1);£39.39
967;Meditations;£25.89
968;Matilda;£28.34
969;Lost Among the Living;£27.70
970;Lord of the Flies;£24.89
971;Listen to Me (Fusion #1);£58.99
972;Kitchens of the Great Midwest;£57.20
973;Jane Eyre;£38.43
974;Imperfect Harmony;£34.74
975;Icing (Aces Hockey #2);£40.44
976;Hawkeye, Vol. 1: My Life as a Weapon (Hawkeye #1);£45.24
977;Having the Barbarian's Baby (Ice Planet Barbarians #7.5);£34.96
978;Giant Days, Vol. 1 (Giant Days #1-4);£56.76
979;Fruits Basket, Vol. 1 (Fruits Basket #1);£40.28
980;Frankenstein;£38.00
981;Forever Rockers (The Rocker #12);£28.80
982;Fighting Fate (Fighting #6);£39.24
983;Emma;£32.93
984;Eat, Pray, Love;£51.32
985;Deep Under (Walker Security #1);£47.09
986;Choosing Our Religion: The Spiritual Lives of America's Nones;£28.42
987;Charlie and the Chocolate Factory (Charlie Bucket #1);£22.85
988;Charity's Cross (Charles Towne Belles #4);£41.24
989;Bright Lines;£39.07
990;Bridget Jones's Diary (Bridget Jones #1);£29.82
991;Bounty (Colorado Mountain #7);£37.26
992;Blood Defense (Samantha Brinkman #1);£20.30
993;Bleach, Vol. 1: Strawberry and the Soul Reapers (Bleach #1);£34.65
994;Beyond Good and Evil;£43.38
995;Alice in Wonderland (Alice's Adventures in Wonderland #1);£55.53
996;Ajin: Demi-Human, Volume 1 (Ajin: Demi-Human #1);£57.06
997;A Spy's Devotion (The Regency Spies of London #1);£16.97
998;1st to Die (Women's Murder Club #1);£53.98
999;1,000 Places to See Before You Die;£26.08
